"species","ind","d_one","altura","d_two","ar","arp","prot","volume","biov","biomassa"
"bbrevior",1,213.37,36,100.49,14163.93,8317.06,58.72000215,86838.23558,50991.41379,0.00576203
"bbrevior",2,186.47,36,110.31,13364.16,13364.16,100,80937.78264,80937.78264,0.009145969
"bbrevior",3,128.6,32,85.98,7922.42,7922.42,100,37980.70436,37980.70436,0.00429182
"bbrevior",4,188.85,48,82.68,11687.53,11687.53,100,85112.78258,85112.78258,0.009617744
"bbrevior",5,179.22,36,88.4,10756.25,10756.25,100,63854.79228,63854.79228,0.007215592
"bbrevior",6,181.64,50,129.8,16434.1,11342.76,69.01966034,125155.1078,86381.63028,0.009761124
"bbrevior",7,168.19,40,79.33,10058.87,3040.89,30.23093051,60102.06516,18169.41356,0.002053144
"bbrevior",8,140.84,40,131.01,10810.63,4635.14,42.8757621,74090.9707,31767.06833,0.003589679
"bbrevior",9,197.5,46,89,12846.05,3319.69,25.84210711,91504.05232,23646.57521,0.002672063
"bbrevior",10,194.93,40,90.82,13163.73,7705.86,58.53857531,79807.68282,46718.28051,0.005279166
"bbrevior",11,302.61,52,138.24,26673.11,26673.11,100,245558.8171,245558.8171,0.027748146
"bbrevior",12,135.24,28,106.68,9960.52,9960.52,100,42023.1373,42023.1373,0.004748615
"bbrevior",13,144.16,32,114.54,10172.45,3271.51,32.16049231,54899.65384,17655.99895,0.001995128
"bbrevior",14,190.25,45,96.26,13747.11,8882.02,64.61008896,92043.36012,59469.29685,0.006720031
"bbrevior",15,181.18,33,93.84,12185.8,1460.41,11.98452297,62424.1476,7481.236308,0.00084538
"bbrevior",16,198.71,39,98.68,12080.5,7557.36,62.55833782,85542.62982,53514.04734,0.006047087
"bbrevior",17,160.48,28,81.15,9591.11,3932.32,40.99963404,40685.7723,16681.01775,0.001884955
"bbrevior",18,229.54,45,118.62,19271.79,12225.51,63.43733509,136391.4648,86523.11056,0.009777111
"bbrevior",19,221.68,51,112.12,16182.54,11715.48,72.39580437,141564.4082,102486.692,0.011580996
"bbrevior",20,211.15,41,100.04,15211.62,7913.05,52.01977173,97403.9478,50669.3113,0.005725632
"bbrevior",21,168.76,43.5,101.13,12234.92,7224.32,59.04672854,81091.5502,47881.90752,0.005410656
"bbrevior",22,198.71,27,110.76,12441.05,4277.25,34.38013672,65445.8693,22500.37935,0.002542543
"bbrevior",24,164.26,28.5,155.04,12975.02,2987.47,23.02478146,72439.73302,16679.09022,0.001884737
"bbrevior",25,263.18,45,100.83,19108.6,3792.23,19.84567158,137162.3367,27220.78687,0.003075949
"bbrevior",26,169.55,29,86.59,10151.11,4983.12,49.08940993,47444.99353,23290.46736,0.002631823
"bbrevior",27,144.16,24,74.5,8091.66,4925.35,60.86946313,28679.66414,17457.15759,0.001972659
"bbrevior",28,166.52,28.5,84.77,9865.98,8925.43,90.46673518,44848.95049,40573.38127,0.004584792
"bbrevior",29,159.88,38,86.13,9524.62,6082.11,63.85672079,57984.75274,37027.16166,0.004184069
"bbrevior",30,161.08,30.5,82.36,9559.04,3307.77,34.60357944,45096.47377,15604.99413,0.001763364
"bbrevior",31,163.05,28,78.88,10020.71,7477.67,74.62215751,40391.15361,30140.75027,0.003405905
"bbrevior",32,129.05,38,123.61,8730.88,5882.08,67.37098666,60415.78631,40702.71133,0.004599406
"bbrevior",33,203.55,33,102.3,14010.95,9136.88,65.21242314,76715.5121,50028.04437,0.005653169
"bbrevior",34,201.13,33,106.08,14261.23,10103.31,70.84459054,78136.78392,55355.68463,0.006255192
"bbrevior",35,135.7,26,94.44,8603.38,8603.38,100,35484.26976,35484.26976,0.004009722
"bbrevior",36,184.2,26.5,90.82,11492.56,8119.9,70.65353585,49594.35284,35040.16386,0.003959539
"bbrevior",37,238.24,40.5,100.74,16838.44,10628.54,63.12069289,110609.3638,69817.39682,0.007889366
"bbrevior",38,164.11,27.5,109.71,11788.32,9352.31,79.335393,53073.62412,42106.16827,0.004757997
"bbrevior",39,142.59,31,114.54,9720.18,5134.27,52.82072966,52481.33893,27721.02616,0.003132476
"bbrevior",40,263.39,53.5,117.56,21703.78,14206.04,65.45422042,187561.7134,122767.0573,0.013872677
"bbrevior",41,195.69,24,97.01,12312.01,3790.74,30.78896135,50924.7953,15679.21554,0.001771751
"bbrevior",42,189.04,33,153.83,16366.47,5763.42,35.21480197,99133.38991,34909.62694,0.003944788
"bbrevior",43,173.93,26,92.63,11357.87,11357.87,100,46420.08781,46420.08781,0.00524547
"bbrevior",44,139.93,30,86.59,8693.38,4207.98,48.40441807,39478.94825,19109.55516,0.00215938
"bbrevior",45,123,29,82.96,7151.9,2873.41,40.17687607,31709.51964,12739.89441,0.001439608
"bbrevior",48,192.67,40,95.65,12624.28,8217.73,65.09464302,82476.1227,53687.53765,0.006066692
"bbrevior",49,174.53,34,87.34,10653.11,10653.11,100,57919.06822,57919.06822,0.006544855
"bbrevior",50,168.49,33,109.56,12407.63,4712.43,37.98009773,65625.91187,24924.78546,0.002816501
"bbrevior",51,199.16,37.5,92.63,13419.8,7195.74,53.62032221,77960.0131,41802.41022,0.004723672
"bbrevior",53,156.55,37.5,97.32,9381.11,4075.54,43.44411269,62037.58146,26951.6768,0.003045539
"bbrevior",54,141.29,30,93.24,8503.46,3475.62,40.87300934,42485.8009,17365.22537,0.00196227
"bbrevior",55,196.6,24,95.35,13620.13,9096.57,66.78768852,50415.53108,33671.36786,0.003804865
"bbrevior",56,213.97,44,90.67,14676.58,10923.55,74.42844314,97171.9681,72323.58303,0.008172565
"bbrevior",57,174.53,25,88.7,10802.99,10802.99,100,43138.15329,43138.15329,0.004874611
"bbrevior",58,119.98,30,113.94,9087.61,3322.92,36.56538958,40923.92438,14963.99238,0.001690931
"bbrevior",59,187.83,39,123.31,15521.98,4997.72,32.19769643,97178.92454,31289.37512,0.003535699
"bbrevior",60,152.02,27.5,91.27,9418.96,4672.67,49.60919252,41606.56558,20640.68122,0.002332397
"bbrevior",61,185.87,33,95.96,13117.77,13117.77,100,65508.57726,65508.57726,0.007402469
"bbrevior",62,172.57,30,89.31,10755.76,10755.76,100,51441.80261,51441.80261,0.005812924
"bbrevior",63,168.64,24.5,80.09,10345.2,5403.4,52.23098635,37180.36257,19419.6701,0.002194423
"bbrevior",64,159.42,32.5,83.11,9682.19,7132.78,73.66907693,47886.9451,35277.87042,0.003986399
"bbrevior",65,183.9,24,81.9,11559.73,9812.76,84.88744979,40894.89011,34714.62931,0.003922753
"bbrevior",66,174.68,35,84.32,10414.94,10414.94,100,57861.18845,57861.18845,0.006538314
"bbrevior",67,177.25,44,81.9,10694.79,4985.23,46.6136315,72111.16747,33613.63387,0.003798341
"bbrevior",68,182.69,27,92.78,12057.65,8317.43,68.98052274,51017.97412,35192.46524,0.003976749
"bbrevior",69,132.52,31.5,76.92,7671.46,7671.46,100,35220.34558,35220.34558,0.003979899
"bbrevior",70,182.09,28,89.76,11441.01,4529.43,39.58942436,51204.36912,20271.51498,0.002290681
"bbrevior",71,163.05,26,75.71,9184.83,9184.83,100,36160.23527,36160.23527,0.004086107
"bbrevior",72,220.47,43.5,111.82,17391.25,3433.05,19.74009919,119654.5197,23619.92088,0.002669051
"bbrevior",73,161.24,27,106.23,10904.75,8430.82,77.31328091,49693.56966,38419.7291,0.004341429
"bbrevior",74,122.85,27.5,105.02,7973.72,4116.73,51.62872536,36289.48338,18735.79771,0.002117145
"bbrevior",75,162.44,34.5,79.94,9679.29,9679.29,100,50180.25575,50180.25575,0.005670369
"bbrevior",76,192.97,35,88.55,13158.83,13158.83,100,67488.6297,67488.6297,0.007626215
"bbrevior",77,181.94,30,93.54,11700.2,9426.91,80.57050307,56843.11628,45798.78475,0.005175263
"bbrevior",78,164.41,24,89.76,10319.09,4072.51,39.46578623,39120.06202,15439.04005,0.001744612
"bbrevior",79,149,36,89.16,9405.83,9405.83,100,52232.45224,52232.45224,0.005902267
"bbrevior",80,203.4,34,97.62,13736.66,13736.66,100,75784.41115,75784.41115,0.008563638
"bbrevior",81,241.93,43.5,106.84,18699.75,18699.75,100,127399.5442,127399.5442,0.014396148
"bbrevior",82,207.63,37.5,125.27,16385.83,9251.62,56.46110084,106279.8889,60006.79525,0.006780768
"bbrevior",83,156.25,31.5,81.9,9924.87,9924.87,100,44795.87887,44795.87887,0.005061934
"bbrevior",84,189.8,47,113.03,12655.61,5562.36,43.95173366,110212.2301,48440.18582,0.005473741
"bbrevior",85,179.52,36,94.14,12390.08,12390.08,100,67605.22609,67605.22609,0.007639391
"bbrevior",86,249.96,44,95.56,18275.69,5446.15,29.79996925,120751.967,35984.04902,0.004066198
"bbrevior",87,157.61,24,80.09,9008.64,9008.64,100,33772.00594,33772.00594,0.003816237
"bbrevior",88,200.83,36,90.97,13417.61,13417.61,100,74320.74753,74320.74753,0.008398244
"bbrevior",89,180.28,32,86.74,10968.63,10968.63,100,56165.33816,56165.33816,0.006346683
"bbrevior",90,174.08,35,97.77,72244.06,8440.78,11.68370105,65597.68065,7664.236906,0.000866059
"bbrevior",91,162.6,41,87.95,9810.61,9810.61,100,64956.35588,64956.35588,0.007340068
"bbrevior",92,172.12,28,106.84,12011.72,8271.73,68.86382633,55850.53402,38460.81475,0.004346072
"bbrevior",93,187.38,31.5,87.34,12347.32,8203.79,66.44186755,58062.87031,38578.05539,0.00435932
"bbrevior",94,135.55,25,76.92,7491.07,7491.07,100,28655.63214,28655.63214,0.003238086
"bbrevior",95,186.77,30.5,77.52,10696.98,10696.98,100,50338.31206,50338.31206,0.005688229
"bcompacta",1,155.49,42,132.83,12998.04,3691.47,28.40020495,88824.99253,25226.47993,0.002850592
"bcompacta",2,184.81,32,93.84,12169.1,12169.1,100,61888.67039,61888.67039,0.00699342
"bcompacta",3,146.28,32,115.15,11334.52,5265.54,46.45578287,56106.75329,26064.83148,0.002945326
"bcompacta",4,182.24,28,95.65,12588.41,5724.6,45.47516327,54190.97301,24643.43345,0.002784708
"bcompacta",5,140.84,40,151.72,13282.48,5484.87,41.29402039,82420.27659,34034.64583,0.003845915
"bcompacta",6,176.95,36,78.28,9955.33,9955.33,100,56512.52981,56512.52981,0.006385916
"bcompacta",7,155.64,29,86.59,8332.01,8332.01,100,43083.32462,43083.32462,0.004868416
"bcompacta",8,202.34,40,106.53,15549.68,7969.98,51.25494544,95755.56158,49079.46084,0.005545979
"bcompacta",9,156.25,40,103.51,11077.55,5497.63,49.62857311,69561.46209,34522.36106,0.003901027
"bcompacta",10,123.61,47.5,112.73,9862.52,6361.63,64.50308846,66960.2234,43191.41213,0.00488063
"bcompacta",11,228.33,52,135.7,21235.61,13179.42,62.06282749,176093.8438,109288.8185,0.012349636
"bcompacta",13,199.71,51,161.27,22066.77,7018.13,31.80406557,170204.528,54131.95967,0.006116911
"bcompacta",15,155.64,42.5,99.43,10744.55,5956.93,55.44140983,71163.6036,39454.10512,0.004458314
"bcompacta",16,139.32,40,82.51,8290.34,6661.46,80.35207241,50345.46595,40453.62526,0.00457126
"bcompacta",18,153.23,42.5,102.51,10244.98,5777.61,56.3945464,71697.52476,40433.49387,0.004568985
"bcompacta",19,112.58,35.5,110.16,8290.11,4921.19,59.36217975,43658.89444,25916.8714,0.002928606
"bcompacta",20,246.5,40,118.39,19357.25,4207.03,21.73361402,131020.193,28475.42303,0.003217723
"bcompacta",21,244.04,42,122.4,21938.33,9971.64,45.45304953,140114.0445,63686.10605,0.00719653
"bcompacta",22,256.74,58.5,127.84,24247.89,18578.95,76.62089361,214827.929,164603.0789,0.018600148
"bcompacta",23,147.79,31,89.16,9060.21,3395.71,37.4793741,44531.93347,16690.28994,0.001886003
"bcompacta",24,180.58,32.5,97.47,11584.28,3244.93,28.01149489,63307.60103,17733.40543,0.002003875
"bcompacta",25,153.38,27.5,93.39,8901.21,8901.21,100,42862.89819,42862.89819,0.004843507
"bcompacta",26,183.6,38,98.83,12952.53,10623.28,82.01702679,76369.91784,62636.33598,0.007077906
"bcompacta",27,136.3,38,81.15,7893.02,7893.02,100,45975.45939,45975.45939,0.005195227
"bcompacta",28,247.07,48,125.42,22304.61,10007.32,44.86659933,165932.4221,74448.23497,0.008412651
"bcompacta",29,169.55,41,94.44,11312.61,8529.44,75.39763149,72430.93188,54611.2071,0.006171066
"bcompacta",30,199.32,44.5,145.97,20672.98,7409.54,35.84166385,136689.4495,48991.77301,0.00553607
"bcompacta",31,177.4,22.5,92.03,11382.71,3800.2,33.38572273,40832.68914,13632.28838,0.001540449
"bcompacta",32,151.41,27,96.86,10368.26,8173.36,78.83058488,42757.98434,33706.36914,0.00380882
"bcompacta",33,257.95,37.5,123.61,23828.94,10895.06,45.72196665,134209.9505,61363.42881,0.006934067
"bcompacta",34,155.04,49,90.82,9681.22,8488.11,87.6760367,75720.05954,66388.34719,0.007501883
"bcompacta",35,133.28,30,125.88,10438.26,5488.57,52.58127312,50269.33303,26432.2553,0.002986845
"bcompacta",37,158.67,29,103.66,11079.64,2585.33,23.3340614,51335.46732,11978.64946,0.001353587
"bcompacta",38,179.82,43,129.05,15763.36,12236.06,77.62342546,105774.0393,82105.43253,0.009277914
"bcompacta",39,152.02,31.5,81.15,8672.43,3547.45,40.90491362,43087.42153,17624.87256,0.001991611
"bcompacta",40,117.87,40,92.93,7447.25,3351.7,45.00587465,45723.02135,20578.04568,0.002325319
"bcompacta",41,183.3,45.5,112.28,14008.9,11079.13,79.08636652,101929.6447,80612.45237,0.009109207
"bcompacta",42,185.11,40,89.76,12104.76,12104.76,100,74577.86579,74577.86579,0.008427299
"bcompacta",43,189.95,35,100.04,12703.41,6472.82,50.95340542,73844.73946,37626.40948,0.004251784
"bcompacta",44,139.78,27,94.14,8799.85,5632.01,64.00120457,38051.73846,24353.57097,0.002751954
"bcompacta",45,128.9,36,87.95,8272,8272,100,43688.22921,43688.22921,0.00493677
"bcompacta",46,345.4,67.5,163.01,39521.17,15330.03,38.78941337,427629.9465,165875.1476,0.018743892
"bcompacta",47,144.16,32,81.9,8390.06,5887.25,70.16934325,41554.5675,29158.5671,0.003294918
"bcompacta",48,147.18,26,91.72,9433.39,4252.3,45.07711438,38055.08934,17154.13615,0.001938417
"bcompacta",49,114.84,26,85.38,6816.97,1986.6,29.1419795,26839.63374,7821.600562,0.000883841
"bcompacta",50,278.88,55,141.42,26898.91,21519.1,79.99989591,242030.7037,193624.311,0.021879547
"bcompacta",51,174.68,30.5,96.56,12039.96,8813.6,73.20290101,56749.5901,41542.34626,0.004694285
"bcompacta",52,221.68,41.5,126.48,18902.17,9165.22,48.48766041,127825.8738,61979.7756,0.007003715
"bcompacta",53,154.59,28.5,84.92,9390.27,9390.27,100,41313.11662,41313.11662,0.004668382
"bcompacta",54,158.21,32.5,95.35,9820.74,9820.74,100,53452.13493,53452.13493,0.006040091
"bcompacta",55,151.56,31.5,77.07,8328.73,8328.73,100,41047.89239,41047.89239,0.004638412
"bcompacta",56,153.23,27,74.5,8212.29,6572.19,80.02871306,34552.62533,27652.02138,0.003124678
"bcompacta",57,211.4,37.5,125.88,17869.09,11851.31,66.32296328,108942.3732,72253.81019,0.008164681
"bcompacta",59,153.83,52,122.25,12320.84,12320.84,100,101879.1661,101879.1661,0.011512346
"bcompacta",60,199.77,43,98.83,13202.2,13302.2,100.7574495,95037.63305,95757.49514,0.010820597
"bcompacta",61,254.17,54,137.96,23498.05,9988.09,42.50603774,209515.6073,89056.78309,0.010063416
"bcompacta",62,172.27,51.5,115.45,14370.27,9016.04,62.74092275,110031.4423,69034.74224,0.007800926
"bcompacta",63,133.13,38,101.4,8556.26,3884.62,45.40091115,53824.84488,24436.97,0.002761378
"bcompacta",65,212.61,35.5,136.3,19697.51,19697.51,100,111030.9543,111030.9543,0.012546498
"bcompacta",66,139.32,24,86.13,8993.26,8993.26,100,31261.63859,31261.63859,0.003532565
"bcompacta",67,172.87,35.5,106.23,12895.69,12895.69,100,70868.58344,70868.58344,0.00800815
"bcompacta",68,123.31,37.5,114.24,9135.72,4809.29,52.64270359,53110.14256,27958.61492,0.003159323
"bcompacta",69,128.9,27,86.13,7636.63,5988.94,78.42385974,32155.75806,25217.7866,0.00284961
"bcompacta",70,192.36,52,156.4,20080.47,20080.47,100,161927.9135,161927.9135,0.018297854
"bcompacta",71,131.32,32,124.06,11056.1,11056.1,100,52083.99935,52083.99935,0.005885492
"bcompacta",72,191.16,41.5,100.19,13420.07,13420.07,100,88351.93398,88351.93398,0.009983769
"bcompacta",73,115.45,31.5,97.77,8089.52,8089.52,100,36481.1946,36481.1946,0.004122375
"bcompacta",74,133.73,30,84.92,8148.24,2149.06,26.37452996,36860.45881,9721.772753,0.00109856
"bcompacta",75,186.92,44,124.06,15433.47,15433.47,100,109629.2186,109629.2186,0.012388102
"bcompacta",76,145.37,33,87.95,9129.42,7130.04,78.0995945,45990.98768,35918.77489,0.004058822
"bcompacta",77,183.75,45,118.47,14866.8,10393.84,69.91309495,105772.9911,73949.1717,0.008356256
"bcompacta",78,139.93,32.5,94.75,9350.86,9350.86,100,46139.40528,46139.40528,0.005213753
"bcompacta",79,227.72,36,114.09,18061.28,18061.28,100,104451.3801,104451.3801,0.011803006
"bcompacta",80,105.81,35,95.8,7137.97,3136.1,43.93546064,35895.82198,15770.99474,0.001782122
"bcompacta",81,195.39,30,93.39,13334.99,13334.99,100,61469.65893,61469.65893,0.006946071
"bcompacta",82,126.93,26.5,117.26,9576.86,9576.86,100,39600.39284,39600.39284,0.004474844
"bcompacta",83,247.97,61.5,147.18,24404.31,9108.12,37.32176816,245459.7504,91609.91897,0.010351921
"blowmani",1,131.77,40,152.32,12812.01,7211.09,56.28383056,75753.51319,42636.97901,0.004817979
"blowmani",2,126.78,38,112.12,9700.88,9700.88,100,54911.84854,54911.84854,0.006205039
"blowmani",3,142.65,36,89.61,8455.21,8455.21,100,49901.33315,49901.33315,0.005638851
"blowmani",4,238.91,44,102.45,17406.92,4309.94,24.75992307,122404.6829,30307.30532,0.003424726
"blowmani",5,168.34,42,91.42,11123,11123,100,71565.87805,71565.87805,0.008086944
"blowmani",6,174.99,36,91.42,10648.33,10648.33,100,64031.37445,64031.37445,0.007235545
"blowmani",7,186.47,36,95.65,13066.56,13066.56,100,71537.55335,71537.55335,0.008083744
"blowmani",8,171.81,50,92.63,11156.48,7627.51,68.36842803,88272.19103,60350.3094,0.006819585
"blowmani",9,167.58,24,83.56,10268.55,10268.55,100,37545.86192,37545.86192,0.004242682
"blowmani",10,206.57,30,98.83,13930,8748.7,62.80473798,68757.58235,43183.01944,0.004879681
"blowmani",11,173.17,48,84.02,10989.94,10989.94,100,78461.30871,78461.30871,0.008866128
"blowmani",12,196.14,46,104.87,14649.44,8543.04,58.31649537,104943.6124,61199.43684,0.006915536
"blowmani",13,183.15,34,87.95,11523.54,7492.23,65.01673965,61492.74449,39980.57758,0.004517805
"blowmani",15,158.67,36,114.39,12056.33,6987.04,57.95329093,69188.76028,40097.16354,0.004530979
"blowmani",16,195.08,27,92.63,11450.31,11450.31,100,54816.37848,54816.37848,0.006194251
"blowmani",17,171.36,24,80.54,9951.62,8220.03,82.59991841,37258.32982,30775.35003,0.003477615
"blowmani",18,116.36,24.5,81.75,6165.14,6165.14,100,24785.51543,24785.51543,0.002800763
"blowmani",19,147.79,24.5,80.54,8497.29,5403.73,63.59356924,32226.76031,20494.14713,0.002315839
"blowmani",20,234.3,31.5,157.63,20758.83,15240.7,73.41791421,124520.6739,91420.48155,0.010330514
"blowmani",21,186.36,30,136.9,15655.45,13179.93,84.18748742,80677.39767,67920.27402,0.007674991
"blowmani",22,156.25,36,97.62,10406.73,8686.24,83.46752534,59568.44152,49720.30402,0.005618394
"blowmani",23,192.06,25.5,119.98,13967.69,7837.17,56.10927791,63650.57524,35713.87816,0.004035668
"blowmani",24,176.95,38,90.82,10308.88,5084.69,49.32339886,68058.60554,33568.81747,0.003793276
"blowmani",25,147.18,42,87.19,10079.45,9573.47,94.98008324,59007.68509,56045.54842,0.006333147
"blowmani",26,207.17,47,96.86,14661.6,9270.47,63.22959295,106290.8709,67207.28504,0.007594423
"blowmani",27,161.69,36,77.52,9274.37,6834.12,73.68823974,50705.76367,37364.18469,0.004222153
"blowmani",28,108.35,18,73.29,5416.98,4629.5,85.46274862,15291.19003,13068.2713,0.001476715
"blowmani",29,196.29,30,105.93,11930.51,8143.63,68.25885901,69010.71691,47105.92796,0.00532297
"blowmani",30,167.88,38.5,84.17,10845.81,9282.01,85.58152872,60819.85411,52050.56091,0.005881713
"blowmani",31,163.5,40,102.45,11497.76,9967.28,86.68888549,72672.57798,62999.04791,0.007118892
"blowmani",32,187.83,23,90.36,11604.24,11604.24,100,43785.20043,43785.20043,0.004947728
"blowmani",33,144.16,26,92.78,8924.38,6361.6,71.28338327,37516.46,26743.00197,0.003021959
"blowmani",34,184.81,30,89,11339.03,8677,76.52330049,55366.76167,42368.47341,0.004787637
"blowmani",36,158.06,25,89.61,10291.62,4006.85,38.933132,38917.24522,15151.70245,0.001712142
"blowmani",37,187.68,25,141.14,14622.63,4074.84,27.86666968,69470.73648,19359.18065,0.002187587
"blowmani",38,236.79,36,90.97,16006.98,9504.97,59.38015791,89027.6626,52864.76663,0.005973719
"blowmani",39,199.32,36,95.8,11983.78,5202.74,43.41484907,77169.06287,33502.83218,0.00378582
"blowmani",40,241.63,30,91.42,15948.64,4372.98,27.41914044,76159.92549,20882.39693,0.002359711
"blowmani",41,236.79,36,93.84,14731.56,9481,64.35842504,91576.0476,58936.90195,0.00665987
"blowmani",42,213.95,28,94.16,14469.87,2163.4,14.95106729,63895.62712,9553.078204,0.001079498
"blowmani",43,229.71,32,111.14,15852.47,11438.3,72.1546863,91590.90621,66087.13106,0.007467846
"blowmani",44,192.06,29,84.17,12054.85,3713.79,30.80743435,53139.86415,16371.02876,0.001849926
"blowmani",46,156.25,29.5,119.23,11382.76,3497.07,30.7225137,57533.05274,17675.60001,0.001997343
"blowmani",48,138.12,29,107.74,9390.94,3907.11,41.60510023,44996.55419,18720.86147,0.002115457
"blowmani",49,133.88,26.5,81.75,7387.27,3703.87,50.13854915,31555.16346,15821.30114,0.001787807
"blowmani",50,136.3,20,128.44,10978.75,1068.16,9.729340772,34946.70284,3400.083807,0.000384209
"blowmani",51,203.35,33,96.26,14142.74,11150.71,78.84405709,72621.97659,57258.11269,0.006470167
"blowmani",52,185.26,33,116.96,13129.72,11458.41,87.27078719,77373.39886,67524.37426,0.007630254
"blowmani",53,116.2,26,113.18,8819.74,8819.74,100,33879.14222,33879.14222,0.003828343
"blowmani",54,258.55,32,107.14,18876.17,16898.81,89.52456987,101015.0919,90433.3265,0.010218966
"blowmani",55,250.69,42.5,97.47,16934.34,8713.4,51.45402773,119121.4337,61292.77556,0.006926084
"blowmani",56,207.17,30,98.68,14346.32,11818.6,82.38070808,68887.02158,56749.61616,0.006412707
"blowmani",57,193.27,30.5,99.43,13718.63,3056.16,22.27744316,65243.319,14534.5433,0.001642403
"blowmani",58,147.18,21,100.64,9069.57,9069.57,100,33204.58413,33204.58413,0.003752118
"blowmani",59,181.64,30,105.32,12024.99,7482.33,62.22317025,62883.72359,39128.24638,0.004421492
"blowmani",60,191.91,26.5,79.94,11824.84,4170.21,35.26652369,46312.1148,16332.67294,0.001845592
"blowmani",61,122.85,21,73.89,6538.29,6538.29,100,20777.85973,20777.85973,0.002347898
"blowmani",62,156.85,30,84.17,9394.46,9394.46,100,43873.41926,43873.41926,0.004957696
"blowmani",63,159.88,27,123.61,12118.09,8396.48,69.28880706,55699.05424,38593.21023,0.004361033
"blowmani",64,160.48,30,101.7,11551.23,11551.23,100,52956.84994,52956.84994,0.005984124
"blowmani",65,302.68,44,172.23,29611.44,19965.9,67.42630551,251928.5823,169866.1356,0.019194873
"blowmani",66,264.6,21,119.38,17760.62,10668.86,60.07031286,74909.68989,44998.48508,0.005084829
"blowmani",67,270.04,40,126.63,24302.31,19167.3,78.87028023,153910.8837,121389.9453,0.013717064
"blowmani",68,208.99,26,103.06,13370.15,13370.15,100,62632.65754,62632.65754,0.00707749
"blowmani",69,297.65,42,117.21,24122.57,24122.57,100,167820.8373,167820.8373,0.018963755
"blowmani",70,89.61,26,60.6,3746.72,3746.72,100,15140.80969,15140.80969,0.001710911
"blowmani",71,221.08,44,103.66,17509.14,12946.83,73.9432662,113549.3744,83962.11619,0.009487719
"blowmani",72,161.69,32,91.42,10505.32,5488.86,52.24838463,52037.7227,27188.86951,0.003072342
"blowmani",73,182.84,26.5,78.88,10525.26,9367.94,89.00435714,43389.23421,38618.30898,0.004363869
"blowmani",74,170,28.5,96.71,10746.03,4773.57,44.42170737,51479.98844,22868.28982,0.002584117
"blowmani",75,161.24,26,86.59,10209.37,7321.2,71.71059527,40189.97513,28820.4704,0.003256713
"blowmani",76,186.62,27,104.57,12558.5,9769.99,77.79583549,57993.3538,45116.41412,0.005098155
"blowmani",77,126.33,35,78.88,6916.42,3090.64,44.68554541,37876.50527,16925.32296,0.001912561
"blowmani",78,223.49,42.5,106.23,18739.2,8492.93,45.32173198,113431.7377,51409.22817,0.005809243
"blowmani",79,177.1,34,97.62,11921.56,11921.56,100,64884.43382,64884.43382,0.007331941
"blowmani",80,215.03,40,103.81,15279.52,11001.59,72.0021964,100192.8363,72141.0428,0.008151938
"blowmani",81,145.37,30,107.44,9804.39,4915.2,50.13264466,49367.84982,24749.40873,0.002796683
"blowmani",82,200.37,44,100.19,13965.47,3574.43,25.59477053,98764.01247,25278.42236,0.002856462
"blowmani",83,208.38,41,101.4,14371.07,14371.07,100,97138.54297,97138.54297,0.010976655
"blowmani",84,163.05,36,92.18,9989.45,2247.79,22.50163923,59550.3791,13399.81146,0.001514179
"blowmani",85,191.76,36,95.8,12627.33,8914.32,70.59544654,73913.62852,52179.65611,0.005896301
"blowmani",86,157.46,22,77.52,8937.77,8937.77,100,30045.34648,30045.34648,0.003395124
"blowmani",87,182.91,32,83.56,11648.13,11648.13,100,55212.76979,55212.76979,0.006239043
"blowmani",88,179.27,30,82.8,11351.8,11351.8,100,50204.74872,50204.74872,0.005673137
"blowmani",89,160.88,34,97.08,11201.08,11201.08,100,57889.84116,57889.84116,0.006541552
"blowmani",90,168.64,34,91.57,10161.31,10161.31,100,58081.04058,58081.04058,0.006563158
"blowmani",91,271.09,34.5,98.98,19830.81,15956.24,80.46186717,106720.3361,85869.17505,0.009703217
"blowmani",92,301.54,54,151.04,32567.95,28264.37,86.78584314,274747.8568,238442.244,0.026943974
"blowmani",93,214.28,27.5,88.7,13299.14,8025.54,60.34630811,59572.2951,35949.68075,0.004062314
"blowmani",94,164.86,40,105.02,11619.61,9208.09,79.24611928,74918.0907,59369.67952,0.006708774
"blowmani",95,172.27,32,94.14,10598.39,5847.97,55.1779091,57345.14151,31641.85006,0.003575529
"blowmani",96,136.76,30,94.75,8680.26,6171.7,71.10040483,41451.17665,29471.95441,0.003330331
"blowmani",97,214.28,30,88.55,12844.76,12844.76,100,64897.24728,64897.24728,0.007333389
"blowmani",98,150.36,24,80.91,7923.2,7923.2,100,32316.62464,32316.62464,0.003651779
"blowmani",99,164.26,27,87.34,10047.4,10047.4,100,42942.7511,42942.7511,0.004852531
"blowmani",100,198.56,30,153.38,15870.05,6423.44,40.4752348,95365.35429,38599.35106,0.004361727
"blowmani",101,191.95,40,99.08,13505.54,10014.4,74.15031165,84712.21534,62814.37168,0.007098024
"blowmani",102,296.78,42,135.23,26544.34,26544.34,100,190256.7818,190256.7818,0.021499016
"blowmani",103,149,24,79.94,8070.79,8070.79,100,31653.28428,31653.28428,0.003576821
"blowmani",104,167.28,26.5,97.77,10599.57,10599.57,100,47430.3347,47430.3347,0.005359628
"blowmani",105,144.01,28,136.15,9275.81,9275.81,100,54787.76941,54787.76941,0.006191018
"blowmani",106,186.92,28,163.65,16436.08,3550.98,21.60478654,87028.97789,18802.4249,0.002124674
"blowmani",107,144.01,36,113.03,9342.17,6986.25,74.78187616,61070.57461,45669.72147,0.005160679
"blowmani",108,183.3,22.5,102.6,10898.85,10898.85,100,46569.16219,46569.16219,0.005262315
"blowmani",109,198.56,35.5,104.42,13845.96,13845.96,100,81731.21879,81731.21879,0.009235628
"blowmani",110,171.66,31,89.18,10971.7,4915.47,44.80135257,52779.2284,23645.8082,0.002671976
"bordinaria",1,203.55,30,145.07,19107.59,10767.02,56.3494402,93882.493,52902.25925,0.005977955
"bordinaria",2,204.76,36,105.93,14976.45,9048.49,60.41812312,86881.79548,52492.35016,0.005931636
"bordinaria",3,176.8,32,116.36,14223.15,14223.15,100,70764.07348,70764.07348,0.00799634
"bordinaria",4,106.08,34,120.13,9014.63,9014.63,100,41174.84772,41174.84772,0.004652758
"bordinaria",5,134.64,24,93.99,9111.93,9111.93,100,32319.87136,32319.87136,0.003652145
"bordinaria",6,165.16,36,104.87,12637.43,12637.43,100,67454.88317,67454.88317,0.007622402
"bordinaria",7,134.34,31,92.63,8892.21,8892.21,100,41176.63561,41176.63561,0.00465296
"bordinaria",8,211.4,32.5,118.17,17210.94,10629.82,61.76199557,89399.83767,55215.12378,0.006239309
"bordinaria",9,159.42,41.5,117.56,12498.82,9232.18,73.8644128,82068.47239,60619.39522,0.006849992
"bordinaria",10,138.57,26,104.72,10406.06,10406.06,100,39570.60854,39570.60854,0.004471479
"bordinaria",11,157.46,28.5,108.5,12299.03,10065.16,81.83702292,51934.15752,42501.3684,0.004802655
"bordinaria",13,177.56,38.5,114.54,14386.46,8071.83,56.10713129,84492.00564,47406.04053,0.005356883
"bordinaria",14,139.32,26,97.01,9684.51,3324.28,34.32574286,37415.87167,12843.2759,0.00145129
"bordinaria",15,127.84,45,93.99,8345.27,1823.29,21.84818466,57222.28927,12502.03143,0.00141273
"bordinaria",16,159.27,48,141.14,15355.37,3528.37,22.97808519,109643.9959,25194.09078,0.002846932
"bordinaria",17,174.38,36,129.05,15419.85,5962.46,38.66743191,85336.01615,32997.24594,0.003728689
"bordinaria",19,147.79,44,124.06,12182.7,6801.5,55.82916759,82983.95895,46329.25352,0.005235206
"bordinaria",22,168.94,36,105.48,12576.71,1845.14,14.67108648,69576.6281,10207.64728,0.001153464
"bordinaria",23,242.84,46,142.95,22978.35,15328.63,66.70901087,174651.5411,116508.3155,0.01316544
"bordinaria",24,188.44,30.5,99.28,12943.59,2661.84,20.56492828,63330.43628,13023.8588,0.001471696
"bordinaria",25,186.62,35,114.39,15093.44,12727.17,84.32252687,81229.13864,68494.46226,0.007739874
"bordinaria",26,143.56,26,85.38,8824.27,2802.9,31.76353398,34799.1413,11053.43707,0.001249038
"bordinaria",27,132.68,25,124.82,10164.57,6296.93,61.94979227,41366.39198,25626.3939,0.002895783
"bordinaria",28,130.11,20,84.77,7765.05,3517.25,45.29590923,23741.67858,10754.00918,0.001215203
"bordinaria",29,164.26,35,126.63,13289.91,4329.73,32.57907691,76090.33855,24789.52992,0.002801217
"bordinaria",30,159.88,44,104.72,11816.66,10322.91,87.35894914,79392.77864,69356.69712,0.007837307
"bordinaria",31,201.13,27,103.51,14738.63,2715.59,18.42498251,62550.85808,11524.98466,0.001302323
"bordinaria",32,127.99,33,88.7,7694.74,2645.52,34.38088876,39976.46248,13744.2631,0.001553102
"bordinaria",33,185.87,37.5,109.86,14961.44,10565.79,70.62014084,83718.6577,59122.23398,0.006680812
"bordinaria",34,154.59,24,88.55,9563.12,9563.12,100,36054.95926,36054.95926,0.00407421
"bordinaria",35,165.16,25,91.27,10920.53,10920.53,100,41559.97309,41559.97309,0.004696277
"bordinaria",36,165.32,29,89.31,10918.65,9680.86,88.66352525,47378.02364,42007.02596,0.004746794
"bordinaria",37,153.83,38,94.14,10485.64,5808.6,55.3957603,59906.46908,33185.64401,0.003749978
"bordinaria",38,179.07,45,102.6,13309.32,11286.41,84.80080124,90878.75631,77065.91351,0.008708448
"bordinaria",39,168.2,29.5,83.19,10184.66,10184.66,100,46180.3174,46180.3174,0.005218376
"bordinaria",40,169.24,27.5,87.95,10695.08,6867.56,64.21232941,45509.96215,29223.00681,0.0033022
"bordinaria",41,134.34,35,99.58,9160.37,7030.12,76.74493498,49357.04042,37879.02857,0.00428033
"bordinaria",42,192.36,40,109.4,14735.16,7830.17,53.13936191,92546.01227,49178.36039,0.005557155
"bordinaria",43,185.56,40,125.72,15602.94,4132.87,26.48776449,99877.56835,26455.33508,0.002989453
"bordinaria",44,187.53,36,95.8,12854.72,10210.87,79.43284646,72092.24881,57264.92531,0.006470937
"bordinaria",45,146.58,49.5,82.96,8821.53,8821.53,100,66421.17825,66421.17825,0.007505593
"bordinaria",46,153.23,32,90.36,10253.83,10253.83,100,48462.9558,48462.9558,0.005476314
"bordinaria",47,166.68,24,86.13,10629.49,5733.39,53.93852386,38325.61006,20672.26833,0.002335966
"bordinaria",48,163.65,22,79.94,9845.57,8373.74,85.05084012,32228.96874,27411.00868,0.003097444
"bordinaria",49,172.87,30,96.41,11641.78,8851.14,76.02909521,55088.13783,41883.01276,0.00473278
"bordinaria",50,142.8,27,83.72,7926.4,2395.27,30.21888878,35325.0922,10674.85032,0.001206258
"bordinaria",51,127.08,27,84.17,7817.94,3770.33,48.22664282,31027.40424,14963.47542,0.001690873
"bordinaria",52,137.51,31.5,92.78,9013.9,9013.9,100,43055.9944,43055.9944,0.004865327
"bordinaria",53,141.59,27.5,103.21,10259.91,5540.77,54.00407996,42442.67006,22920.77348,0.002590047
"bordinaria",54,133.73,31.5,92.78,8929.36,8929.93,100.0063834,41677.31906,41679.9795,0.004709838
"bordinaria",55,105.63,27,89.16,6927.93,6927.93,100,26099.35684,26099.35684,0.002949227
"bordinaria",56,130.11,31.5,83.72,8180.28,8180.28,100,37058.72065,37058.72065,0.004187635
"bordinaria",57,195.39,30,111.67,15281.99,13522.04,88.48350248,71857.23521,63581.79849,0.007184743
"bordinaria",58,141.74,27,128.29,11184.43,11184.43,100,49525.02501,49525.02501,0.005596328
"bordinaria",59,165.47,40,89.76,11001.81,11001.81,100,65778.68226,65778.68226,0.007432991
"bordinaria",60,142.95,34.5,98.98,10107.86,10107.86,100,52078.43161,52078.43161,0.005884863
"bordinaria",61,143.56,25.5,97.77,9147.55,9147.55,100,38250.95423,38250.95423,0.004322358
"bordinaria",62,174.68,27.5,97.16,11598.18,5711.35,49.243502,51430.2633,25326.06274,0.002861845
"bordinaria",63,163.65,31.5,99.58,11659.5,11659.5,100,55873.91749,55873.91749,0.006313753
"bordinaria",64,127.69,30.5,90.97,7812.72,7812.72,100,37604.8096,37604.8096,0.004249343
"bordinaria",65,121.04,31.5,97.16,8114.47,8114.47,100,38438.1607,38438.1607,0.004343512
"bordinaria",66,180.12,31.5,98.37,13181.91,9002.08,68.2911657,61668.25059,42113.96719,0.004758878
"bordinaria",67,133.88,27.5,94.14,8478,8478,100,36851.69219,36851.69219,0.004164241
"bordinaria",68,142.35,27,85.53,8579.32,8579.32,100,35846.7638,35846.7638,0.004050684
"bordinaria",69,136.91,32,84.92,8017.76,8017.76,100,40407.60047,40407.60047,0.004566059
"bordinaria",70,128.75,36,95.96,8993.92,8993.92,100,46857.77108,46857.77108,0.005294928
"bordinaria",71,136.3,35,80.69,8031.1,5532.37,68.88682746,42119.77251,29014.97501,0.003278692
"bordinaria",72,137.36,32,90.97,9174.54,9174.54,100,42976.33255,42976.33255,0.004856326
"bordinaria",73,134.94,36,91.57,8947.78,8947.78,100,47648.55009,47648.55009,0.005384286
"bordinaria",74,161.84,30,87.95,10162.71,10162.71,100,47219.66836,47219.66836,0.005335823
"bordinaria",75,174.68,37.5,113.64,13523.49,7636.44,56.46796796,80213.55301,45294.96341,0.005118331
"bordinaria",76,158.21,32.5,95.96,10416.25,10416.25,100,53742.97139,53742.97139,0.006072956
"bordinaria",77,115.45,24,74.5,5816.62,5816.62,100,22270.01686,22270.01686,0.002516512
"bordinaria",78,90.36,26,89.76,5719.18,5719.18,100,20812.73936,20812.73936,0.00235184
"bordinaria",79,183.15,31.5,112.28,14506.15,14506.15,100,70405.35358,70405.35358,0.007955805
"bordinaria",80,184.96,35.5,96.56,12645.29,5304.19,41.94597356,70482.00833,29564.36458,0.003340773
"bordinaria",81,202.79,12.5,123.31,15023.65,6790.54,45.19900291,33978.72064,15358.04293,0.001735459
"bordinaria",82,169.28,27,113.87,12337.83,10774.46,87.32864693,55724.0796,48663.08473,0.005498929
"bordinaria",83,111.53,24,97.09,7061.26,7061.26,100,26467.76707,26467.76707,0.002990858
"bordinaria",84,143.65,27,81.75,8759.2,8759.2,100,34844.93665,34844.93665,0.003937478
"bordinaria",85,72.37,21,64.07,3187.08,3187.08,100,9893.930101,9893.930101,0.001118014
"bordinaria",86,177.71,31.5,92.78,11656.03,6802.81,58.36301039,57723.15275,33688.96964,0.003806854
"bordinaria",87,135.55,35.5,124.52,10453.64,5164.54,49.40422666,60306.80105,29794.10868,0.003366734
"bordinaria",88,135.68,28,103.92,9687.22,9687.22,100,41311.58537,41311.58537,0.004668209
"bordinaria",89,170.45,31.5,95.96,10902.95,8200.98,75.21799146,56703.15758,42650.97623,0.00481956
"bordinaria",90,155.19,30,97.62,10435.76,5329.13,51.06604598,49218.95663,25134.17502,0.002840162
"bordinaria",91,155.8,31.5,141.74,13386.69,13386.69,100,70095.77548,70095.77548,0.007920823
"bordinaria",92,153.83,31.5,127.69,12832.19,12832.19,100,63676.71955,63676.71955,0.007195469
"bordinaria",93,169.85,30,116.05,13595.28,8795.85,64.6978216,63160.73396,40863.61898,0.004617589
"bpaula",1,147.48,40,92.03,9805.11,9547.84,97.37616406,58956.70621,57409.77896,0.006487305
"bpaula",2,214.58,36,80.39,13247.29,9951.62,75.1219306,71468.43214,53688.466,0.006066797
"bpaula",3,142.04,39,105.48,9310.4,6796.65,73.00062296,61593.7462,44963.81843,0.005080911
"bpaula",4,144.46,22,85.38,8420.65,3076.64,36.53684692,29645.10127,10831.38527,0.001223947
"bpaula",5,158.52,32,100.04,9346.98,6816.44,72.92665652,54935.96937,40062.96569,0.004527115
"bpaula",6,129.8,28,135.24,9588.14,6880.97,71.76543104,47794.87918,34300.20106,0.003875923
"bpaula",7,143.86,32,106.68,9925.74,7376.99,74.32181379,51725.74429,38443.51135,0.004344117
"bpaula",8,154.89,34,104.87,10198.69,6499.29,63.72671392,59122.64071,37676.91611,0.004257492
"bpaula",9,151.11,28,80.39,9068.59,9068.59,100,37717.09063,37717.09063,0.004262031
"bpaula",10,213.97,40,108.5,14410.39,9732.48,67.53793617,103598.2212,69968.10052,0.007906395
"bpaula",11,166.98,30,98.07,11375.66,6628.27,58.26712472,53741.49684,31313.62499,0.00353844
"bpaula",12,187.24,32,104.14,14061.25,8910.2,63.36705485,68771.0152,43578.16692,0.004924333
"bpaula",13,167.58,44,104.27,10859.94,8130.61,74.86790903,83513.0775,62524.49489,0.007065268
"bpaula",14,135.4,44,86.59,8591.41,8591.41,100,55881.55652,55881.55652,0.006314616
"bpaula",15,130.56,32,155.49,12414.68,10045.14,80.91340252,60601.60188,49034.81806,0.005540934
"bpaula",16,166.37,32,103.66,11160.86,8334.05,74.67211308,59852.2344,44692.92815,0.005050301
"bpaula",17,204.15,35,87.8,14197,9197.86,64.78734944,71268.88434,46173.22114,0.005217574
"bpaula",18,191.46,36,90.82,12702.42,9132.39,71.89488302,70386.3108,50604.15581,0.00571827
"bpaula",19,184.05,28,87.19,12032.9,8565.93,71.18757739,50504.41885,35952.87226,0.004062675
"bpaula",20,200.98,33,89,13421.43,11079.56,82.55126317,66848.09226,55183.94456,0.006235786
"bpaula",21,166.68,27,81.75,10005.26,10005.26,100,41192.7583,41192.7583,0.004654782
"bpaula",22,245.86,17,120.59,22004.74,16061.68,72.99190992,56382.23405,41154.46949,0.004650455
"bpaula",23,164.71,36,150.81,13781.22,7643.76,55.46504591,89995.62403,49916.11419,0.005640521
"bpaula",24,167.28,26,150.2,13844,8021.51,57.942141,65989.63518,38235.80746,0.004320646
"bpaula",25,196.75,30,129.05,14322.99,6537.53,45.64361212,81891.82232,37378.38574,0.004223758
"bpaula",26,179.52,30,135.09,15471.84,5098.35,32.9524478,76345.34381,25157.65957,0.002842816
"bpaula",27,180.12,24,87.95,10705.77,5244.5,48.98760201,42576.23165,20857.07491,0.002356849
"bstriatula",1,248.25,48,121.45,19240.65,19240.65,100,162160.6555,162160.6555,0.018324154
"bstriatula",2,227.27,45,117.72,17723.79,9294.38,52.44013837,133983.511,70261.13854,0.007939509
"bstriatula",3,260.76,44,101.16,20683.49,20683.49,100,133161.4232,133161.4232,0.015047241
"bstriatula",4,382.92,45,125.35,34774.48,7398.47,21.27557335,251171.9122,53438.26442,0.006038524
"bstriatula",5,304.43,42,109.34,25560.79,25560.79,100,161412.178,161412.178,0.018239576
"bstriatula",6,304.16,36,122.64,24687.08,24687.08,100,153424.6614,153424.6614,0.017336987
"bstriatula",7,166.98,36,104.87,12203.08,12203.08,100,68312.52043,68312.52043,0.007719315
"bstriatula",8,120.38,53,104.09,8024.17,8024.17,100,68167.78272,68167.78272,0.007702959
"bstriatula",9,171.58,35,78.49,10011.68,10011.68,100,53227.90001,53227.90001,0.006014753
"bstriatula",10,191.04,26,86.95,11612.7,7610.34,65.53463019,48750.21124,31948.27065,0.003610155
"bstriatula",11,174.38,44,104.7,12318.29,12318.29,100,87711.79529,87711.79529,0.009911433
"bstriatula",12,222.05,36,164.12,19182.81,8278.63,43.15650314,138132.6584,59613.22507,0.006736294
"bstriatula",13,319.67,48,134.42,31988.27,5077.6,15.87331856,234775.6544,37266.68753,0.004211136
"bstriatula",14,220.39,30,97.69,14871.74,14871.74,100,73113.57805,73113.57805,0.008261834
"bstriatula",15,261.31,36,111.38,20248.24,12263.21,60.56432559,119085.3899,72123.26326,0.008149929
"bstriatula",16,199.73,30,110.04,15170.69,10572.48,69.6901723,72742.43315,50694.327,0.005728459
"bstriatula",17,279.97,66,148.55,27387.94,27387.94,100,304753.1661,304753.1661,0.034437108
"bstriatula",18,255.64,56,113.26,21273.05,21273.05,100,183775.0802,183775.0802,0.020766584
"bstriatula",19,287.52,48,117.6,22865.47,22865.47,100,185282.3507,185282.3507,0.020936906
"bstriatula",20,182.4,36,122.14,13927.58,8928.29,64.10510656,85985.85296,55121.32267,0.006228709
"bstriatula",21,202,36,104.64,13953.02,13953.02,100,84655.99558,84655.99558,0.009566128
"bstriatula",22,184.18,36,78.4,11331.45,5533.2,48.83046742,59137.31541,28877.02753,0.003263104
"bstriatula",23,184.05,36,90.21,11021.94,6428.4,58.32367079,66962.43109,39054.94786,0.004413209
"bstriatula",24,229.84,42,89,15632.49,11407.42,72.9725079,98605.99024,71955.26402,0.008130945
"bstriatula",25,169.4,40,132.22,13556.29,4985.97,36.77975316,93449.8196,34370.61298,0.003883879
"bstriatula",26,225.61,30,92.03,15831.93,15831.93,100,71097.37192,71097.37192,0.008034003
"bstriatula",27,185.26,42,115.15,13693.64,13693.64,100,97266.71128,97266.71128,0.010991138
"bstriatula",28,170.6,42,135.4,14542.55,14542.55,100,100871.6214,100871.6214,0.011398493
"bstriatula",29,183.45,50,129.8,14622.05,7755.38,53.03893777,126620.1866,67158.00197,0.007588854
"bstriatula",30,283.38,44,103.6,22179.63,NA,72.77393717,148951.5831,108397.9315,0.012248966
"bstriatula",31,273.91,44,86.04,19065.96,12584.09,66.00291829,121012.3421,79871.67726,0.0090255
"bstriatula",32,196.75,44,103.6,13972.04,8624.29,61.72534576,99648.32056,61508.27041,0.006950435
"bstriatula",33,165.16,40,126.18,11390.58,11390.58,100,87329.97063,87329.97063,0.009868287
"bstriatula",34,157.16,32,76.76,9017.58,5075.42,56.28361489,43271.55654,24354.79624,0.002752092
"bstriatula",35,97.47,36,107.29,7641.05,4345.36,56.86862408,36150.09347,20558.06076,0.002323061
"bstriatula",36,191.46,50,89.61,12642.3,10547.7,83.43181225,96735.53037,80708.20608,0.009120027
"bstriatula",37,149.9,42,82.36,9014.72,9014.72,100,57361.62299,57361.62299,0.006481863
"bstriatula",38,187.27,44,168.6,17574.6,17574.6,100,140428.3027,140428.3027,0.015868398
"bstriatula",39,308.6,28,132.76,26485.3,12082.27,45.61877721,130200.3485,59395.80691,0.006711726
"bstriatula",40,246.31,32,96.26,18617.1,1867.1,10.02895188,86946.43101,8719.815726,0.000985339
"bstriatula",41,196.14,44,97.62,13609.21,13609.21,100,94259.92375,94259.92375,0.010651371
"bstriatula",42,231.5,42,98.07,16012.44,16012.44,100,108505.0833,108505.0833,0.012261074
"bstriatula",43,252.82,32,157.58,21007.39,13869.2,66.02057657,138134.3104,91197.06818,0.010305269
"bstriatula",44,292.44,30,139.41,22071.55,22071.55,100,137303.6582,137303.6582,0.015515313
"bstriatula",45,265.65,48,111.07,19193.57,8241.17,42.93713989,161369.8316,69287.59032,0.007829498
"bstriatula",46,238.3,66,148.09,23115.39,23115.39,100,253127.2646,253127.2646,0.028603381
"bstriatula",47,221.07,56,102.83,17102.75,17102.75,100,143629.7608,143629.7608,0.016230163
"bstriatula",48,228.52,56,126.18,17499.17,17499.17,100,178373.4885,178373.4885,0.020156204
"bstriatula",49,319.13,60,157.38,33212.52,33212.52,100,337317.9764,337317.9764,0.038116931
"bstriatula",50,230.29,44,181.64,21961.07,21961.07,100,191414.1461,191414.1461,0.021629799
"bstriatula",51,214.43,46,104.87,15561.91,12800.47,82.25513449,115954.1473,95378.23981,0.010777741
"bstriatula",52,218.42,44,122.07,18845.08,10572.17,56.10042515,129275.2294,72523.95334,0.008195207
"bstriatula",53,389.84,30,181.31,42744.37,23929.46,55.98271772,238660.976,133608.9005,0.015097806
"bstriatula",54,208.99,32,106.08,14961.43,9362.78,62.57944595,79096.40355,49498.09111,0.005593284
"bstriatula",55,260.21,38,94.6,18817.28,18817.28,100,107898.9838,107898.9838,0.012192585
"bstriatula",56,168.34,36,99.28,11904,11904,100,65814.87898,65814.87898,0.007437081
"bstriatula",57,218.19,55,133.64,19480.59,8260.37,42.40307917,174581.9234,74028.1112,0.008365177
"bstriatula",58,325.47,45,196.14,31553.5,31553.5,100,312896.9647,312896.9647,0.035357357
"bstriatula",59,181.6,40,134.78,13535.64,6149.48,45.43176385,103097.4663,46838.99742,0.005292807
"bstriatula",60,132.22,27.5,131.62,11843.81,11843.81,100,47127.64084,47127.64084,0.005325423
"bstriatula",61,352.73,22,127.16,28554.68,19572.89,68.54529625,113821.9981,78019.62579,0.008816218
"bstriatula",62,288.05,20,123.96,23284.27,13169.56,56.55990074,81039.00546,45835.58105,0.005179421
"bstriatula",63,344.05,37.5,119.65,28502.25,16561.1,58.10453561,178650.9276,103804.2918,0.011729885
"bstriatula",64,194.37,30,84.73,12510.31,12510.31,100,56036.86519,56036.86519,0.006332166
"bstriatula",65,121.21,35,90.96,7451.14,5493.38,73.72536283,40609.38785,29939.41853,0.003383154
"bstriatula",66,199.32,34,115.75,15470.88,10403.3,67.24439722,85937.58104,57788.20835,0.006530068
"bstriatula",67,216.24,32,103.51,15725.55,7446.83,47.35497328,80408.24243,38077.30171,0.004302735
"bstriatula",68,257.76,33.33333333,88.98,17851.83,15664.92,87.74965928,88546.72173,77699.44662,0.008780037
"bstriatula",69,275.06,28.5,125.68,20751.83,18563.59,89.45519504,111127.8055,99409.59511,0.011233284
"bstriatula",70,188.89,26,124.82,14433.97,11909.28,82.50869303,65811.69935,54300.373,0.006135942
"bstriatula",71,187.68,24,97.62,12130.32,5587.69,46.06383014,48862.04554,22507.72966,0.002543373
"bstriatula",72,303.03,32.5,124.22,28886.66,28886.66,100,139536.414,139536.414,0.015767615
"bstriatula",73,329.4,30,114.68,27259.66,19090.65,70.03260496,131120.0507,91826.78712,0.010376427
"bstriatula",74,205.36,24,97,14733.71,10223.53,69.38870115,53732.8023,37284.4936,0.004213148
"bstriatula",75,203.22,18,94.36,13982.25,13982.25,100,38859.10664,38859.10664,0.004391079
"bstriatula",76,281.39,48,168.87,27161.85,15453.84,56.8953882,248693.2184,141494.972,0.015988932
"bstriatula",77,166.52,34.66666667,101.09,11388.6,7731.09,67.88446341,63557.07962,43145.38246,0.004875428
"bstriatula",78,248.88,34.5,112.58,18630.24,16058.39,86.19529324,109189.4444,94116.16177,0.010635126
"bstriatula",79,204.15,42,96.26,14220.25,14220.25,100,92894.96955,92894.96955,0.010497132
"bstriatula",80,126.63,38,113.79,9175.1,7635.69,83.22187224,55454.42491,46150.21065,0.005214974
"bstriatula",81,224.25,38,214.43,23462.63,17075.95,72.77935168,181755.7161,132280.6318,0.014947711
"bstriatula",82,314.15,40,104.42,25671,13030.69,50.76035215,152421.2015,77369.53864,0.008742758
"bstriatula",83,347.14,49,129.55,34297.98,26376.65,76.90438329,253603.805,195032.4423,0.022038666
"bstriatula",84,348.73,26,114.38,28042.56,22015.62,78.5078823,120538.4094,94632.15255,0.010693433
"bstriatula",85,147.84,33,84.77,7536.36,7536.36,100,45429.54511,45429.54511,0.005133539
"bstriatula",86,205.21,30,85.38,12461.92,8685.26,69.69439701,59890.05283,41740.01119,0.004716621
"bstriatula",87,236.4,39,131.85,20127.93,15721.37,78.10723706,133915.386,104597.608,0.01181953
"bstriatula",88,123.82,42,101.34,9144.17,6467.78,70.73118719,54569.7859,38597.85742,0.004361558
"bstriatula",89,277.45,33,112.18,20467.42,17353.05,84.78376855,117317.0499,99465.81608,0.011239637
"bstriatula",90,184.2,41,101.85,13985.57,11073.87,79.18068409,84915.81182,67236.9207,0.007597772
"bstriatula",91,221.68,33,98.22,15390.82,8029.31,52.16947505,81350.55968,42440.15994,0.004795738
"bstriatula",92,181.18,20,76.92,10196.26,9005.06,88.31728497,31682.68457,27981.28681,0.003161885
"bstriatula",93,237.55,40,104.12,16621.85,9007.95,54.19342612,112168.8488,60788.14223,0.00686906
"bstriatula",94,238.76,36,103.66,17081.12,11741.51,68.73969623,101093.3766,69491.27995,0.007852515
"bstriatula",95,279.86,36,110.16,22323.34,3556.48,15.93166614,127100.846,20249.28245,0.002288169
"bstriatula",96,213.22,40,123.61,16892.15,9386.37,55.56646134,115555.5252,64210.11623,0.007255743
"bstriatula",97,155.64,36,90.97,10266.06,6314.07,61.50431616,55846.77972,34348.17997,0.003881344
"bstriatula",98,130.11,40,116.77,10407.39,6385.39,61.35438376,61578.13813,37780.88718,0.00426924
"bstriatula",99,263.99,32,97.47,19116.3,11090.25,58.01462626,94827.32384,55013.71752,0.00621655
"bstriatula",100,151.41,38.5,96.26,9918.83,7026.45,70.83950426,60735.60405,43024.80081,0.004861802
"bstriatula",101,223.49,41,123.61,19183.3,14079.86,73.39644378,124951.9886,91710.31605,0.010363266
"bstriatula",102,178.61,32,89,11592.56,3834.59,33.07802591,56861.93897,18808.8069,0.002125395
"bstriatula",103,146.58,40,87.95,9351.11,8493.35,90.82718522,56334.33905,51166.89447,0.005781859
"bstriatula",104,144.76,37.5,98.37,9617.45,9617.45,100,57176.63645,57176.63645,0.00646096
"bstriatula",105,286.19,33.5,93.36,20325.02,16068.78,79.0591104,104111.3738,82309.52596,0.009300976
"bstriatula",106,130.26,30,90.06,8053.88,6085.29,75.55724694,37548.13196,28370.33479,0.003205848
"bstriatula",107,229.24,44,176.04,20373.13,13085.42,64.22881511,185662.589,119248.881,0.013475124
"bstriatula",108,195.24,21,85.08,12186.9,9297.01,76.28691464,39545.2809,30167.87468,0.00340897
"bstriatula",109,288.37,33,103.91,21947.84,21947.84,100,114107.8826,114107.8826,0.012894191
"bstriatula",110,214.12,22.5,82.81,13782.97,13782.97,100,45751.32026,45751.32026,0.005169899
"bstriatula",111,195.08,40,117.41,16250.39,8019.92,49.35216939,99905.70476,49305.63265,0.005571536
"bstriatula",112,247.07,30,100.04,17135.92,17135.92,100,84686.38085,84686.38085,0.009569561
"bstriatula",113,176.04,40.5,148.69,14015.28,14015.28,100,108734.21,108734.21,0.012286966
"bstriatula",114,256.59,34,96.26,17852.3,14214.44,79.62245761,96591.88928,76908.8361,0.008690698
"bstriatula",115,240.42,15,106.84,16128.77,10754.45,66.6786742,43576.1425,29055.99408,0.003283327
"bstriatula",116,201.88,30,113.48,14352.05,4062.42,28.30550339,75616.29311,21403.57241,0.002418604
"bstriatula",117,224.25,27.5,113.48,13838.26,10067.14,72.74859701,78026.25789,56763.00791,0.00641422
"bstriatula",118,205.21,27,113.48,14167.25,5473.93,38.63791491,69317.38089,26782.79064,0.003026455
"bstriatula",119,285.75,45,108.04,23363.85,16934.42,72.48129054,159732.3086,115776.0387,0.013082692
"bstriatula",120,260.52,37.5,92.78,18477.23,18477.23,100,104733.0136,104733.0136,0.011834831
"bstriatula",121,181.18,27.5,102.3,12258.77,7729.58,63.05347111,56046.78801,35339.44528,0.003993357
"bstriatula",122,211.86,34.5,165.47,20760.52,14225.73,68.52299461,125980.8284,86325.83626,0.009754819
"bstriatula",123,290.76,31.5,83.85,18537.93,15005.21,80.94328763,90100.23082,72930.08899,0.0082411
"bstriatula",124,157.61,33,81,9087.93,7162.8,78.81662821,46939.43877,36996.08294,0.004180557
"bstriatula",125,183.9,27,83.26,11420.31,8115.49,71.06190638,46697.48358,33184.12206,0.003749806
"bstriatula",126,324.27,33,179.53,29963.38,24164.01,80.64514084,211701.2678,170726.7856,0.019292127
"bstriatula",127,325.22,39.5,108.27,25648.71,25648.71,100,161535.5085,161535.5085,0.018253512
"bstriatula",128,369.81,45,175.2,35531.75,35531.75,100,327597.0141,327597.0141,0.037018463
"bstriatula",129,256.59,38,218.05,25777.4,22575.75,87.57962401,217492.7227,190479.3088,0.021524162
"bstriatula",130,236.49,40,142.04,18990.76,14390.4,75.77579834,146481.814,110997.764,0.012542747
"bstriatula",131,154.44,28.5,84.92,9731.97,9731.97,100,41267.78727,41267.78727,0.00466326
"bstriatula",132,285.17,31.5,144.53,23807.08,8960.89,37.63960133,144709.1093,54467.93182,0.006154876
"bstriatula",133,221.08,33,112.28,16302.49,16302.49,100,91319.27038,91319.27038,0.010319078
"bstriatula",134,247.97,34,97.16,18013.08,4043.98,22.45024171,93857.98711,21071.34497,0.002381062
"bstriatula",135,191.16,32,109.4,12988.52,6006.2,46.24237403,73463.83522,33971.42146,0.003838771
"bstriatula",136,219.26,45,114.84,16697.13,9290.34,55.64034059,125938.1991,70072.44292,0.007918186
"bstriatula",137,281.74,48,117,25866.23,20400.08,78.86762006,180373.9694,142256.6568,0.016075002
"bstriatula",138,172.77,30,80.78,10692.71,9144.85,85.52415618,47144.33949,40319.79853,0.004556137
"bstriatula",139,206.57,36,95.2,13509.31,10791.13,79.87920923,79843.595,63778.4323,0.007206963
"bstriatula",140,267.69,30,112.27,21465.29,10241.84,47.71349467,102610.9816,48959.28522,0.005532399
"bstriatula",141,289.68,36,101.72,23228.58,8016.44,34.51110658,122685.0158,42339.95656,0.004784415
"bstriatula",142,243.74,30,86.13,16651.98,7289.6,43.77617557,72800.98587,31869.48739,0.003601252
"bstriatula",143,174.68,30,147.79,15109.91,11111.51,73.53789665,79330.13248,58337.71084,0.006592161
"bstriatula",144,213.82,22.5,83.56,14453.46,10619.67,73.47493265,46057.36473,33840.61772,0.00382399
"bstriatula",145,306.5,58.5,123.96,25725.62,16298.13,63.35369177,254102.3004,160983.1882,0.0181911
"bstriatula",146,224.7,45,95.35,16174.98,5795.76,35.83163627,109725.51,39316.44564,0.004442758
"bstriatula",147,212.61,30,151.56,16651.89,12877.19,77.33170229,102436.3793,79215.79587,0.008951385
"bstriatula",148,200.98,27.5,93.54,12538.94,7183.73,57.29136594,58214.71349,33352.00453,0.003768777
"bstriatula",149,152.77,25,92.78,8372.83,8372.83,100,38563.98859,38563.98859,0.004357731
"bstriatula",150,147.79,25,102.6,9601.27,4934.57,51.39497171,40373.8348,20750.12097,0.002344764
"bstriatula",151,181.94,26,88.55,12220.56,7764.18,63.53374968,46931.22576,29817.1675,0.00336934
"bstriatula",152,169.09,30.5,83.11,10524.42,10524.42,100,47991.22024,47991.22024,0.005423008
"bstriatula",153,207.02,31.5,75.86,12023.47,7971.09,66.29608591,57028.99606,37807.99222,0.004272303
"bstriatula",154,129.5,25,88.55,6885.86,5464.02,79.35130833,30624.27478,24300.7627,0.002745986
"bstriatula",155,159.42,31.5,105.63,11099.07,6869.76,61.89491552,56970.40733,35261.78549,0.003984582
"bstriatula",156,409.5,39,170.89,44743.69,44743.69,100,310715.2268,310715.2268,0.035110821
"bstriatula",157,208.23,35,158.21,18294.74,18294.74,100,120772.1316,120772.1316,0.013647251
"bstriatula",158,193.12,36,92.18,13538.71,13538.71,100,72006.85357,72006.85357,0.008136774
"bstriatula",159,170.91,35,115.45,11641.78,8222.64,70.63043624,73941.06995,52224.90027,0.005901414
"bstriatula",160,217.57,38,175.04,20452.59,7001.93,34.23493064,149855.1518,51302.80726,0.005797217
"bstriatula",161,177.71,24,88.55,11005.42,5450.09,49.52187195,42192.6225,20894.57649,0.002361087
"bstriatula",162,259,44,114.84,21636.299,15647.24,72.31939252,148201.9666,107178.7619,0.0121112
"bstriatula",163,185.56,22,81.3,11189.29,6543.42,58.4793137,37607.88347,21992.83215,0.00248519
"bstriatula",164,285.55,38.5,132.29,22866.63,15224.73,66.58055866,163844.2563,109088.4212,0.012326992
"bstriatula",165,319.2,36.5,162.56,31616.77,31616.77,100,210985.3034,210985.3034,0.023841339
"bstriatula",166,172.12,24.5,86.13,11140.51,5860.65,52.60665804,40559.42908,21336.96016,0.002411076
"bstriatula",167,192.36,26.5,125.27,13787.59,13787.59,100,68720.16258,68720.16258,0.007765378
"bstriatula",168,173.93,36,107.59,13264.12,13264.12,100,73161.41233,73161.41233,0.00826724
"bstriatula",169,232.11,39,94.75,17078.52,17078.52,100,97936.3148,97936.3148,0.011066804
"bstriatula",170,133.13,28.5,83.59,8037.44,5449.45,67.80081718,34368.62693,23302.20991,0.00263315
"bstriatula",171,258.85,38.5,115.45,21107.13,7313.3,34.64848134,130172.5423,231789.803,0.026192248
"bstriatula",172,278.24,39,129.27,22680.12,18911.83,83.38505264,157991.4271,131741.2347,0.01488676
"bstriatula",173,228.48,24.5,105.17,15365.46,13787.3,89.72917179,66352.05598,59537.1503,0.006727698
"bstriatula",174,215.03,31.5,128.9,16191.41,6056.96,37.40847771,95182.60518,35606.36364,0.004023519
"bstriatula",175,427.53,46.5,131.88,42829.24,42829.24,100,306180.5029,306180.5029,0.034598397
"bstriatula",176,195.39,27.5,105.78,13813.97,10464.81,75.75526804,62845.0537,47608.43888,0.005379754
"bstriatula",177,261.76,22,91.1,17701.2,13960.66,78.8684383,60697.47705,47871.15224,0.00540944
"bstriatula",178,204.6,30,82.19,14125.27,9915.08,70.19391488,57675.7328,40484.85479,0.004574789
"bstriatula",179,232.27,37.5,86.85,15897.65,10323.21,64.93544643,87066.2578,56536.8632,0.006388666
"bstriatula",180,261.58,36,131.59,20597.17,12503.81,60.70644657,138283.0492,83946.72536,0.00948598
"bstriatula",181,151.56,38,97.01,10249.83,10249.83,100,60404.27294,60404.27294,0.006825683
"bstriatula",182,262.46,35,100.83,18074.03,14091.74,77.96678439,106312.8499,82888.71043,0.009366424
"bstriatula",183,261.58,38.5,131.59,20024.82,11140.41,55.63300944,147902.8751,82282.82044,0.009297959
"bstriatula",184,219.87,38,97.16,16218.23,16218.23,100,91964.09056,91964.09056,0.010391942
"bstriatula",185,257.04,40,121.49,20496.37,20496.37,100,140443.4821,140443.4821,0.015870113
"bstriatula",186,241.78,32.5,109.4,18866.84,15762.22,83.54456814,97095.03643,81117.62888,0.009166292
"bstriatula",187,181.76,28,189.33,10771.71,10771.71,100,93612.84568,93612.84568,0.010578252
"bstriatula",188,306.23,41,100.21,22166.51,22166.51,100,146337.3074,146337.3074,0.016536116
"bstriatula",189,213.82,32,80.69,13622.36,13622.36,100,63482.8982,63482.8982,0.007173567
"bstriatula",190,172.27,33.5,134.34,13025.03,13025.03,100,80819.89813,80819.89813,0.009132648
"bstriatula",191,197.96,31.5,89.76,13333.09,11507.73,86.30955015,63223.82212,54568.19646,0.006166206
"bstriatula",192,156.4,30,131.32,12577.75,7172.66,57.02657471,63238.39565,36062.69094,0.004075084
"bstriatula",193,297.7,32,98.36,22190.1,17935.59,80.82699041,108874.7216,88000.16083,0.009944018
"bstriatula",194,210.2,34.5,109.4,14908.3,11215.63,75.23077749,88192.54937,66347.94057,0.007497317
"bstriatula",195,195.39,29.5,130.31,13230.68,9773.95,73.87337612,80527.46798,59488.35931,0.006722185
"bstriatula",196,335.24,38,134.96,25971.73,9869.65,38.00151164,196447.4147,74652.98716,0.008435788
"bstriatula",197,330.54,33.5,107.11,26730.62,16409.21,61.38731537,138004.187,84717.06548,0.009573028
"bstriatula",198,228.48,42.5,119.23,18542.41,15180.11,81.86697414,128700.345,105363.0782,0.011906028
"bstriatula",199,214.43,34,90.36,15394.6,5633.13,36.59159705,74979.35021,27436.1417,0.003100284
"bstriatula",200,443.72,60,155.88,56487.87,38423.07,68.02003687,480010.3356,326503.2073,0.036894862
"bstriatula",201,169.85,27.5,83.11,10158.06,10158.06,100,43476.67675,43476.67675,0.004912864
"bstriatula",202,130.11,27,102.6,7530.12,7530.12,100,37496.99311,37496.99311,0.00423716
"bstriatula",203,247.82,27,106.99,17872.17,13694.21,76.62309613,81235.09977,62244.84859,0.007033668
"bstriatula",204,248.58,41.5,118.47,20387.64,15223.49,74.67019233,137303.292,102524.6322,0.011585283
"bstriatula",205,283.15,36,124.46,21119.24,21119.24,100,143721.6306,143721.6306,0.016240544
"bstriatula",206,189.34,26.5,127.08,13604.68,5227.13,38.42155788,68278.90423,26233.8187,0.002964422
"bstriatula",207,240.57,40.5,131.32,20687.18,18240.68,88.1738352,141364.734,124646.7076,0.014085078
"bstriatula",208,264.53,31.5,127.65,18520.94,12689.75,68.51569089,119260.312,81712.02672,0.009233459
"bstriatula",209,233.32,31.5,99.58,17594.95,14286.95,81.19915089,83168.02492,67531.73005,0.007631085
"bstriatula",210,221.08,39.5,165.01,19733.71,16802.3,85.1451653,151472.9465,128971.8907,0.014573824
"bstriatula",211,141.74,48,108.04,10126.63,10126.63,100,77223.76758,77223.76758,0.008726286
"bstriatula",212,191.76,36,120.28,15002.46,7286.69,48.56996786,89953.2761,43690.27729,0.004937001
"bvariabilis",1,191.31,52,104.12,13209.01,4820.1,36.49100122,114707.5546,41857.93514,0.004729947
"bvariabilis",2,142.35,46,110.92,10112.05,1438.58,14.22639326,75940.5808,10803.60567,0.001220807
"bvariabilis",3,218.05,52,137.51,19218.67,13659.54,71.07432512,168921.8801,120060.0862,0.01356679
"bvariabilis",4,165.92,36,130.86,12997.2,11249.34,86.55202659,81328.25764,70391.25518,0.007954212
"bvariabilis",5,176.8,51,137.51,15404.18,6365.43,41.32274487,129570.2771,53541.99501,0.006050245
"bvariabilis",6,292.61,56,152.18,28045.18,11079.22,39.50489888,277340.7094,109563.1668,0.012380638
"bvariabilis",7,135.09,44,85.98,8245.79,2044.33,24.79240922,55403.96205,13735.97699,0.001552165
"bvariabilis",8,122.25,46.5,103.06,8455.59,5340.03,63.15384261,60350.99254,38113.97084,0.004306879
"bvariabilis",10,181.79,36,101.09,13062.38,4939.28,37.81301723,72947.95577,27583.82308,0.003116972
"bvariabilis",11,193.27,36,85.38,12842.85,5072.57,39.49722998,67314.05346,26587.1865,0.003004352
"bvariabilis",12,183.15,35,92.18,11854.26,8197.46,69.15201792,65984.93946,45629.91716,0.005156181
"bvariabilis",13,428.97,83,203.9,61425.17,39767.83,64.7419128,816179.5251,528410.2364,0.059710357
"bvariabilis",14,221.68,35,144.69,16531.73,7424.79,44.91235944,120797.5855,54253.04579,0.006130594
"bvariabilis",15,169.7,36,84.32,10173.41,5441.14,53.48393508,57633.33129,30824.57349,0.003483177
"bvariabilis",16,502.12,78,226.21,69254.17,69254.17,100,1001389.607,1001389.607,0.113157026
"bvariabilis",17,154.44,44,109.25,10768.11,4590.78,42.63310832,78980.13336,33671.6858,0.0038049
"bvariabilis",18,188.13,50.5,121.49,15839.72,9927.48,62.67459273,124659.4035,78129.77345,0.008828664
"bvariabilis",19,157.61,27,77.67,8761.41,6464.81,73.78732419,36991.30132,27294.89143,0.003084323
"bvariabilis",20,181.94,35,108.65,13430.87,5601.78,41.70824377,75517.44463,31496.9999,0.003559161
"bvariabilis",21,220.47,34.5,101.24,16788.01,6738.8,40.14055269,86859.78421,34865.99745,0.003939858
"bvariabilis",22,174.08,55,107.44,12402.62,6630.84,53.46321987,112022.5396,59890.85663,0.006767667
"bvariabilis",23,134.34,33.5,102.6,9288.05,1803.14,19.41354752,48383.59813,9392.972812,0.001061406
"bvariabilis",24,141.59,33,84.92,8128.41,8128.41,100,43312.90926,43312.90926,0.004894359
"bvariabilis",25,178.31,50,131.92,14400.64,6158.19,42.76330774,124083.5904,53062.24763,0.005996034
"bvariabilis",26,102.6,30,82.51,6012.66,6012.66,100,26361.50194,26361.50194,0.00297885
"bvariabilis",27,128.29,30,100.64,8559.09,3485.27,40.72009992,40358.05243,16433.83928,0.001857024
