"species","ind","altura","d1","d2","ar","arp","prot","volume","biov","biomassa","comprimento","largura"
"qquinquecarinata",1,315.44,64.39666667,159.84,33538.96,33538.96,100,1700059.984,1700059.984,0.192106778,NA,NA
"qquinquecarinata",2,222.44,39.08333333,105.48,17688.2,14114.89,79.79834014,480145.902,383148.46,0.043295776,NA,NA
"qquinquecarinata",3,167.73,44,84.17,10664.04,10664.04,100,325251.5486,325251.5486,0.036753425,NA,NA
"qquinquecarinata",4,176.8,45.6,98.83,12560.92,12560.92,100,417190.6063,417190.6063,0.047142539,NA,NA
"qquinquecarinata",5,142.65,34.14,126.78,11406.43,11406.43,100,323284.3361,323284.3361,0.03653113,NA,NA
"qquinquecarinata",6,174.84,41.21666667,93.24,12059.08,12059.08,100,351815.1611,351815.1611,0.039755113,NA,NA
"qquinquecarinata",7,296.87,65.45333333,162.44,34874.04,34874.04,100,1652683.474,1652683.474,0.186753233,NA,NA
"qquinquecarinata",8,207.04,62.48,187.17,22379.76,14654.04,65.47898637,1267739.851,830103.2045,0.093801662,NA,NA
"qquinquecarinata",9,279.05,63.97666667,240.45,36788.29,36788.29,100,2247641.484,2247641.484,0.253983488,NA,NA
"qquinquecarinata",10,233.16,49.07333333,104.72,19013.96,19013.96,100,627375.9427,627375.9427,0.070893482,NA,NA
"qquinquecarinata",11,331.38,67.52666667,158.7,35218.66,35218.66,100,1859418.531,1859418.531,0.210114294,NA,NA
"qquinquecarinata",12,184.81,40.49666667,119.98,15168.22,11024.28,72.68011672,470167.0873,341717.9878,0.038614133,NA,NA
"qquinquecarinata",13,156.1,26.94333333,130.56,11371.42,11371.42,100,287516.6442,287516.6442,0.032489381,NA,NA
"qquinquecarinata",14,165.62,44.46,125.12,12518.76,12518.76,100,482400.3306,482400.3306,0.054511237,NA,NA
"qquinquecarinata",15,355.49,95.69333333,214.58,53447.92,36143.26,67.62332379,3822055.02,2584600.642,0.292059873,NA,NA
"qquinquecarinata",16,233.76,50.26333333,121.73,22181.42,22181.42,100,748889.4793,748889.4793,0.084624511,NA,NA
"qquinquecarinata",17,291.06,67.575,146.94,30545.55,30545.55,100,1513237.995,1513237.995,0.170995893,NA,NA
"qquinquecarinata",18,242.23,61.31,117.72,21984.15,13757.05,62.57712943,915394.1256,572827.3668,0.064729492,NA,NA
"qquinquecarinata",19,271.13,66.45,183.69,29552.83,19243.12,65.11430547,1732832.943,1128322.136,0.127500401,NA,NA
"qquinquecarinata",20,237.5,68.7,236.57,32218.67,14785.25,45.89031763,2021057.378,927469.6501,0.10480407,NA,NA
"qquinquecarinata",21,243.06,60.2,151.92,23574.98,13976.97,59.28730374,1163921.147,690057.4659,0.077976494,NA,NA
"qquinquecarinata",22,302.67,56.615,136.84,31065.63,21207.69,68.26737459,1227757.445,838157.7739,0.094711828,NA,NA
"qquinquecarinata",23,229.15,49.14,153.77,20093.79,20093.79,100,906619.9063,906619.9063,0.102448049,NA,NA
"qquinquecarinata",24,186.47,66.8,116.43,15051.76,15051.76,100,759362.1622,759362.1622,0.085807924,NA,NA
"qquinquecarinata",25,153.53,44.44,102.6,10639.78,10639.78,100,366533.1703,366533.1703,0.041418248,NA,NA
"qquinquecarinata",26,205.21,52.24,109.25,16310.73,16310.73,100,613227.6895,613227.6895,0.069294729,NA,NA
"qquinquecarinata",27,305.88,85.535,177.03,32415.17,32415.17,100,2425160.204,2425160.204,0.274043103,NA,NA
"qquinquecarinata",28,227.57,51.89,130.56,16945.82,16945.82,100,807248.8667,807248.8667,0.091219122,NA,NA
"qquinquecarinata",29,228.18,58.535,112.28,18636.18,13969.2,74.95742153,785225.1927,588584.5577,0.066510055,NA,NA
"qquinquecarinata",30,255.53,70.465,143.86,24352.52,24352.52,100,1356294.59,1356294.59,0.153261289,NA,NA
"qquinquecarinata",31,307.42,61.705,147.32,31846.55,20518.36,64.42883138,1463230.71,942742.4468,0.106529896,NA,NA
"qquinquecarinata",32,237.4,65.66,115.9,21847.05,21847.05,100,945940.1327,945940.1327,0.106891235,NA,NA
"qquinquecarinata",33,269.6,76.65,144.62,25713.95,25713.95,100,1564800.682,1564800.682,0.176822477,NA,NA
"qquinquecarinata",34,176.65,45.465,90.52,12175.88,12175.88,100,380657.1615,380657.1615,0.043014259,NA,NA
"qquinquecarinata",35,147.48,34.65,93.54,9879.86,9879.86,100,250283.5785,250283.5785,0.028282044,NA,NA
"qquinquecarinata",36,339.67,68.82,185.92,45351.65,22771.2,50.21030106,2275603.498,1142587.367,0.129112372,NA,NA
"qquinquecarinata",37,347.35,66.825,157.37,39605.18,18510.81,46.73835594,1912611.831,893923.3252,0.101013336,NA,NA
"qquinquecarinata",38,206.42,53.54,92.78,14431.95,14431.95,100,536887.3003,536887.3003,0.060668265,NA,NA
"qquinquecarinata",39,183.63,43.26,96.56,11332.26,6190.66,54.62864424,401629.8923,219404.965,0.024792761,NA,NA
"qquinquecarinata",40,145.67,48.975,92.33,9216.58,9216.58,100,344894.3047,344894.3047,0.038973056,NA,NA
"qquinquecarinata",41,400.04,129.365,207.24,59305.89,59305.89,100,5615551.538,5615551.538,0.634557324,NA,NA
"qquinquecarinata",42,200.37,62.92,136.15,19561.87,10593.49,54.15376955,898747.4686,486705.633,0.054997737,NA,NA
"qquinquecarinata",43,315.48,77.535,140.89,33560.19,33560.19,100,1804464.801,1804464.801,0.203904523,NA,NA
"qquinquecarinata",44,264.62,56.47,129.35,25260.17,25260.17,100,1012058.247,1012058.247,0.114362582,NA,NA
"qquinquecarinata",45,226.31,57.995,152.89,22990.99,22990.99,100,1050683.714,1050683.714,0.11872726,NA,NA
"qquinquecarinata",46,234.39,48.465,138.77,20648.98,20648.98,100,825394.3786,825394.3786,0.093269565,NA,NA
"qquinquecarinata",47,183.67,43.725,103.19,12889.41,12889.41,100,433914.6158,433914.6158,0.049032352,NA,NA
"qquinquecarinata",48,157.61,46.23,83.56,10298.04,10298.04,100,318790.0194,318790.0194,0.036023272,NA,NA
"qquinquecarinata",49,212.01,42.215,98.37,15835.84,15835.84,100,460982.4942,460982.4942,0.052091022,NA,NA
"qquinquecarinata",50,278.67,68.815,123.78,24899.04,24899.04,100,1242860.634,1242860.634,0.140443252,NA,NA
"qquinquecarinata",51,160.63,39.54,83.11,10706.22,10706.22,100,276385.4835,276385.4835,0.03123156,NA,NA
"qquinquecarinata",52,281.24,68.63,127.21,25398.86,17388.63,68.46224594,1285615.095,880160.9684,0.099458189,NA,NA
"qquinquecarinata",53,186.3,51.015,118.61,13733.97,10304.75,75.03110899,590242.7675,442865.6942,0.050043823,NA,NA
"qquinquecarinata",54,177.71,68.42,133.13,17786.69,10092.14,56.73984311,847558.1241,480903.1499,0.054342056,NA,NA
"qquinquecarinata",55,188.13,37.33,76.92,11196.39,7401.15,66.10300284,282848.5413,186971.3793,0.021127766,NA,NA
"qquinquecarinata",56,302.27,61.09,156.75,31265.43,31265.43,100,1515553.748,1515553.748,0.171257574,NA,NA
"qquinquecarinata",57,246.67,55.575,119.4,21334.78,21334.78,100,857035.3871,857035.3871,0.096844999,NA,NA
"qquinquecarinata",58,241.88,59.605,153.9,24297.82,24297.82,100,1161769.296,1161769.296,0.13127993,NA,NA
"qquinquecarinata",59,233.51,53.015,109.78,20235.42,20235.42,100,711583.8755,711583.8755,0.080408978,NA,NA
"qquinquecarinata",60,207.02,48.16,91.57,15157.11,15157.11,100,478025.0098,478025.0098,0.054016826,NA,NA
"qquinquecarinata",61,167.58,35.37,74.66,9958.73,9958.73,100,231709.5074,231709.5074,0.026183174,NA,NA
"qquinquecarinata",62,187.83,55.915,122.7,17874.04,17874.04,100,674740.0249,674740.0249,0.076245623,NA,NA
"qquinquecarinata",63,321.85,110.915,151,35773.42,16537.29,46.22786974,2822405.22,1304737.809,0.147435372,NA,NA
"qquinquecarinata",64,285.06,85.82,153.1,30808.44,26383.49,85.637215,1961094.872,1679427.032,0.189775255,NA,NA
"qquinquecarinata",65,136.76,48.91,126.33,9988.16,9988.16,100,442447.6303,442447.6303,0.049996582,NA,NA
"qquinquecarinata",66,304.27,72.97,157.38,30307.61,30307.61,100,1829581.011,1829581.011,0.206742654,NA,NA
"qquinquecarinata",67,207.63,61.84,106.38,16109.86,16109.86,100,715184.6641,715184.6641,0.080815867,NA,NA
"qquinquecarinata",68,398.06,105.32,218.62,64888.77,44926.1,69.23555494,4798968.524,3322592.489,0.375452951,NA,NA
"qquinquecarinata",69,175.14,46.945,93.54,10924.86,10924.86,100,402689.844,402689.844,0.045503952,NA,NA
"qquinquecarinata",70,159.42,49.61,96.56,12085.14,12085.14,100,399859.9536,399859.9536,0.045184175,NA,NA
"qquinquecarinata",71,285.06,73.52,132.2,28560.93,28560.93,100,1450680.779,1450680.779,0.163926928,NA,NA
"qquinquecarinata",72,345.34,64.385,148.32,39594.56,19654.22,49.63868774,1726751.826,857136.9468,0.096856475,NA,NA
"qquinquecarinata",73,314.6,59.88,129.95,31850.28,31850.28,100,1281785.682,1281785.682,0.144841782,NA,NA
"qquinquecarinata",74,305.82,75.57,148.52,33708.17,33708.17,100,1797210.177,1797210.177,0.20308475,NA,NA
"qquinquecarinata",75,280.42,62.36,127.07,27638.3,27638.3,100,1163474.164,1163474.164,0.131472581,NA,NA
"qquinquecarinata",76,240.01,51.43,106.95,18994.93,18994.93,100,691234.2876,691234.2876,0.078109475,NA,NA
"qquinquecarinata",77,227.43,49.835,130.42,19554.17,19554.17,100,773971.6128,773971.6128,0.087458792,NA,NA
"qquinquecarinata",78,222.74,60.355,155.04,19278.41,19278.41,100,1091324.366,1091324.366,0.123319653,NA,NA
"qquinquecarinata",79,171.51,44.165,95.35,11421.04,11421.04,100,378169.9372,378169.9372,0.042733203,NA,NA
"qquinquecarinata",80,286.99,95.965,158.88,35188.46,35188.46,100,2291118.148,2291118.148,0.258896351,NA,NA
"qquinquecarinata",81,244.95,58.885,138.72,21656.66,21656.66,100,1047658.704,1047658.704,0.118385434,NA,NA
"qquinquecarinata",82,182.81,48.57,132.11,15588.06,15588.06,100,614189.4709,614189.4709,0.06940341,NA,NA
"qquinquecarinata",83,136.35,37.135,104.72,9431.73,9431.73,100,277630.277,277630.277,0.031372221,NA,NA
"qquinquecarinata",84,176.65,49.97,131.16,14938.4,8532.71,57.11930327,606209.8959,346262.8689,0.039127704,NA,NA
"qquinquecarinata",85,123.31,38.5,105.02,7583.23,7583.23,100,261053.5861,261053.5861,0.029499055,NA,NA
"qquinquecarinata",86,228.93,61.35,146.58,23445.89,23445.89,100,1077930.139,1077930.139,0.121806106,NA,NA
"qquinquecarinata",87,241.81,55.595,104.37,20231.77,20231.77,100,734656.4526,734656.4526,0.083016179,NA,NA
"qquinquecarinata",88,153.25,38.845,82.27,9451.51,9451.51,100,256434.072,256434.072,0.02897705,NA,NA
"qquinquecarinata",89,267.47,65.97,172.27,34892.02,34892.02,100,1591585.002,1591585.002,0.179849105,NA,NA
"qquinquecarinata",90,187.53,54.44,122.1,15530.31,15530.31,100,652684.2855,652684.2855,0.073753324,NA,NA
"qquinquecarinata",91,275.98,71.215,148.73,30298.42,30298.42,100,1530545.657,1530545.657,0.172951659,NA,NA
"qquinquecarinata",92,207.63,61.97,122.7,18688.51,18688.51,100,826636.8952,826636.8952,0.093409969,NA,NA
"qquinquecarinata",93,137.51,46.7,127.69,10319.1,10319.1,100,429345.2594,429345.2594,0.048516014,NA,NA
"qquinquecarinata",94,257.16,46.365,110.71,22385.87,22385.87,100,691160.8886,691160.8886,0.07810118,NA,NA
"qquinquecarinata",95,231.96,58.995,168.64,22276.79,22276.79,100,1208335.462,1208335.462,0.136541907,NA,NA
"qquinquecarinata",96,202.79,36.805,92.93,14047.38,14047.38,100,363168.2864,363168.2864,0.041038016,NA,NA
"qquinquecarinata",97,163.8,37.88,92.78,10356.82,10356.82,100,301423.3264,301423.3264,0.034060836,NA,NA
"qlaevigata",1,251.3,56.315,109.71,19706.29,15265.89,77.46709299,812945.4683,629765.2219,0.07116347,NA,NA
"qlaevigata",2,203.94,44.59,87.97,13384.24,13384.24,100,418864.0635,418864.0635,0.047331639,NA,NA
"qlaevigata",3,298.67,82.2,136.4,30784.65,16961.16,55.09615994,1753381.468,966045.8582,0.109163182,NA,NA
"qlaevigata",4,466.11,103.94,227.86,82328.8,46507.82,56.49034117,5780133.223,3265216.978,0.368969518,NA,NA
"qlaevigata",5,347.29,101.23,153.13,40801.25,40801.25,100,2818775.058,2818775.058,0.318521582,NA,NA
"qlaevigata",6,393.27,86.41,175.71,47571.61,47571.61,100,3126438.747,3126438.747,0.353287578,NA,NA
"qlaevigata",7,210.65,69.01,88.7,14239.56,7761.09,54.50372062,675142.9439,367978.0239,0.041581517,NA,NA
"qlaevigata",8,175.44,56.07,140.23,13792.72,13792.72,100,722268.5941,722268.5941,0.081616351,NA,NA
"qlaevigata",9,142.04,47.25,126.33,10746.07,10746.07,100,443933.1689,443933.1689,0.050164448,NA,NA
"qlaevigata",10,185.72,56.705,125.57,15735.33,10974.13,69.74197554,692411.937,482901.7638,0.054567899,NA,NA
"qlaevigata",11,311.3,59.855,182.99,38460.28,22676.41,58.96059519,1785276.693,1052609.764,0.118944903,NA,NA
"qlaevigata",12,197.8,59.12,126.93,17012.85,17012.85,100,777183.5775,777183.5775,0.087821744,NA,NA
"qlaevigata",13,115.9,45.01,86.74,7093.22,3391.36,47.81129022,236924.7817,113276.795,0.012800278,NA,NA
"qlaevigata",14,194.78,48,83.11,11481.4,11481.4,100,406852.9821,406852.9821,0.045974387,NA,NA
"qlaevigata",15,192.97,54.19,87.95,14291.51,14291.51,100,481552.2474,481552.2474,0.054415404,NA,NA
"qlaevigata",16,169.85,52.715,121.24,11667.27,11667.27,100,568387.2301,568387.2301,0.064227757,NA,NA
"qlaevigata",17,199.62,53.005,114.84,14885.16,14885.16,100,636227.88,636227.88,0.07189375,NA,NA
"qlaevigata",18,161.84,54.46,85.98,10838.51,10838.51,100,396788.9507,396788.9507,0.044837151,NA,NA
"qlaevigata",19,368.26,122.93,296.46,64529.05,64529.05,100,7027116.556,7027116.556,0.794064171,NA,NA
"qlaevigata",20,400.42,97.545,144.63,46978.92,28960.44,61.64560616,2957861.148,1823391.434,0.206043232,NA,NA
"qlaevigata",21,233.97,60.28,145.92,22089.64,13498.56,61.10810317,1077573.4,658484.6647,0.074408767,NA,NA
"qlaevigata",22,187.53,43.615,76.31,10564.14,10564.14,100,326803.5055,326803.5055,0.036928796,NA,NA
"qlaevigata",23,164.86,47.98,93.99,11495.68,8753.86,76.14912732,389274.3705,296429.0361,0.033496481,NA,NA
"qlaevigata",24,153.03,60.27,105.47,12443.98,12443.98,100,509337.1315,509337.1315,0.057555096,NA,NA
"qlaevigata",25,225.31,53.235,97.77,15840.75,15840.75,100,614019.217,614019.217,0.069384172,NA,NA
"qlaevigata",26,311.5,84.33,160.29,38323.19,38323.19,100,2204678.174,2204678.174,0.249128634,NA,NA
"qlaevigata",27,281.67,69.135,161.03,31138.38,26957.33,86.57267976,1641889.692,1421427.905,0.160621353,NA,NA
"qlaevigata",28,225.29,47.83,151.62,19719.24,14714.64,74.62072575,855455.4758,638347.0845,0.072133221,NA,NA
"qlaevigata",29,281.77,71.385,164.77,27492.17,21463.71,78.0720838,1735315.636,1354797.077,0.15309207,NA,NA
"qlaevigata",30,217.2,52.225,92.2,15964.53,3071.58,19.24002774,547605.5146,105359.4529,0.011905618,NA,NA
"qlaevigata",31,504.08,108.885,100.96,81745.54,61897.22,75.71938481,2901452.642,2196962.091,0.248256716,NA,NA
"qlaevigata",32,195.39,60.23,112.28,16757.2,16757.2,100,691856.8137,691856.8137,0.07817982,NA,NA
"qlaevigata",33,210.04,60.005,98.22,15919.76,11776.56,73.97448203,648168.6204,479479.3796,0.05418117,NA,NA
"qlaevigata",34,161.84,48.85,88.55,9811.84,9811.84,100,366553.7153,366553.7153,0.04142057,NA,NA
"qlaevigata",35,186.92,144.63,97.01,13971.68,13971.68,100,1373185.742,1373185.742,0.155169989,NA,NA
"qlaevigata",36,299.5,90.89,193.4,37844.68,25324.78,66.91767509,2756563.633,1844628.295,0.208442997,NA,NA
"qlaevigata",37,200.77,56.89,89.15,13709.37,13709.37,100,533156.5176,533156.5176,0.060246686,NA,NA
"qlaevigata",38,214.43,61.16,92.18,14561.48,14561.48,100,632977.6104,632977.6104,0.07152647,NA,NA
"qlaevigata",39,311.08,70.295,122.81,31356.85,31356.85,100,1406141.025,1406141.025,0.158893936,NA,NA
"qlaevigata",40,197.35,56.355,162.6,17750.3,17750.3,100,946866.4933,946866.4933,0.106995914,NA,NA
"qlaevigata",41,161.84,50.525,128.29,12089.86,12089.86,100,549267.1418,549267.1418,0.062067187,NA,NA
"qlaevigata",42,245.4,58.27,120.09,20795.91,20795.91,100,899135.2903,899135.2903,0.101602288,NA,NA
"qlaevigata",43,198.56,76.975,167.43,21727.81,21727.81,100,1339903.006,1339903.006,0.15140904,NA,NA
"qbicornis",1,289.09,100.5466667,212.32,42641.49,42641.49,100,3231396.68,3231396.68,0.365147825,NA,NA
"qbicornis",2,495.14,214.675,348.05,120582.2,45356.73,37.61478062,19370897.56,7286320.621,0.82335423,NA,NA
"qbicornis",3,277.77,135.01,220.08,42599.23,17095.88,40.1318991,4321459.785,1734283.88,0.195974078,NA,NA
"qbicornis",4,844.03,352.3,557.27,324158.47,187657.92,57.89079644,86763050.48,50227820.93,5.675743765,NA,NA
"qbicornis",5,393.14,204.535,374.45,111181.42,30230.79,27.19050539,15765484.64,4286714.951,0.484398789,NA,NA
"qbicornis",6,689.29,281.295,527.7,256576.62,90245.47,35.17291248,53573461.39,18843346.69,2.129298176,NA,NA
"qbicornis",7,525.03,221.815,390.91,145995.33,72326.61,49.54035859,23836936.18,11808903.66,1.334406114,NA,NA
"qbicornis",8,180.12,68.365,159.72,19003.25,13099.97,68.93541894,1029801.88,709898.2402,0.080218501,NA,NA
"qbicornis",9,335.88,120.42,227.81,54441.24,54441.24,100,4824520.697,4824520.697,0.545170839,NA,NA
"qbicornis",10,199.27,64.59,134.54,19860.64,19860.64,100,906686.7122,906686.7122,0.102455598,NA,NA
"qbicornis",11,172.27,65.275,144.76,17242.19,17242.19,100,852322.0638,852322.0638,0.096312393,NA,NA
"qbicornis",12,155.19,65.36,148.39,16163.86,16163.86,100,788095.8378,788095.8378,0.08905483,NA,NA
"qbicornis",13,207.45,57.54,127.96,19834.26,19834.26,100,799753.5021,799753.5021,0.090372146,NA,NA
"qbicornis",14,150.89,57.005,127.09,13532.42,13532.42,100,572378.6297,572378.6297,0.064678785,NA,NA
"qbicornis",15,519.69,186.035,346.33,127723.8,100339.76,78.55995515,17531850.31,13773013.74,1.556350553,NA,NA
"qbicornis",16,206.42,64.355,164.26,22845.85,22845.85,100,1142521.836,1142521.836,0.129104968,NA,NA
"qbicornis",17,124.52,43.795,87.34,8283.64,8283.64,100,249387.9427,249387.9427,0.028180838,NA,NA
"qbicornis",18,136.3,47.745,90.36,9473.45,9473.45,100,307892.1371,307892.1371,0.034791811,NA,NA
"qbicornis",19,112.43,40.575,78.12,6504.14,6504.15,100.0001537,186595.6848,186595.9717,0.021085345,NA,NA
"qbicornis",20,138.57,43.18,89.91,9048.53,9048.53,100,281681.5974,281681.5974,0.031830021,NA,NA
"qbicornis",21,262.03,99.27,176.5,35643.66,35643.66,100,2403877.712,2403877.712,0.271638181,NA,NA
"qbicornis",22,184.51,65.205,122.7,17430.64,17430.64,100,772936.8149,772936.8149,0.08734186,NA,NA
"qbicornis",23,243.33,99.455,177.62,32153.67,18214.54,56.64840126,2250674.891,1274971.343,0.144071762,NA,NA
"qbicornis",24,112.92,65.195,106.26,9050.69,9050.69,100,409594.0065,409594.0065,0.046284123,NA,NA
"qbicornis",25,139.75,61.9,112.74,12354.43,12354.43,100,510645.0407,510645.0407,0.05770289,NA,NA
"qbicornis",26,229.08,69.185,155.19,26137.67,11246.34,43.02732416,1287838.711,554122.5367,0.062615847,NA,NA
"qbicornis",27,151.56,58.72,119.08,14582.31,14582.31,100,554891.5251,554891.5251,0.062702742,NA,NA
"qbicornis",28,224.1,95.755,169.24,28510.07,28510.07,100,1901537.77,1901537.77,0.214873768,NA,NA
"qbicornis",29,190.55,67.655,126.48,18083.95,15746.42,87.07400761,853747.2755,743391.9677,0.084003292,NA,NA
"qbicornis",30,222.89,77.785,138.12,22529,22529,100,1253838.59,1253838.59,0.141683761,NA,NA
"qbicornis",31,123.91,50.745,85.38,7460.76,7460.76,100,281095.8194,281095.8194,0.031763828,NA,NA
"qbicornis",32,178.31,69.445,128.29,17834.76,8579.59,48.10600199,831779.3031,400135.7681,0.045215342,NA,NA
"qbicornis",33,450.28,214.8,419.5,136852.05,136852.05,100,21244549.3,21244549.3,2.400634071,NA,NA
"qbicornis",34,293.6,96.43,229.47,44094.89,44094.89,100,3401674.512,3401674.512,0.38438922,NA,NA
"qimplexa",1,155.8,53.865,101.4,13185.79,13185.79,100,445564.616351967,445564.616351967,0.0503488016477722,NA,NA
"qimplexa",2,136.76,49.73,89.16,9694.27,9694.27,100,317501.83053643,317501.83053643,0.0358777068506166,NA,NA
"qimplexa",3,205.21,75.27,134.34,21410.31,13849.77,64.6873865908527,1086486.67091185,702819.833070836,0.0794186411370044,NA,NA
"qpoeyana",1,401.62,103.27,247.65,66813.84,21424.66,32.0662006554331,5378070.15965595,1724542.76878525,0.194873332872733,NA,NA
"qpoeyana",2,405.01,119.785,198.27,61545.84,61545.84,100,5036441.71724508,5036441.71724508,0.569117914048694,NA,NA
"qpoeyana",3,448.74,125.64,224.24,75817.46,30587.37,40.3434380418442,6619640.71452843,2670590.65025847,0.301776743479207,NA,NA
"qpoeyana",4,450.46,133.08,285.16,83718.4,48552.58,57.9951121856127,8950684.58280608,5190959.56517873,0.586578430865197,NA,NA
"qpolygona",1,562.64,139.7833333,299.52,117139.2,117139.2,100,12334184.67,12334184.67,1.393762868,NA,NA
"qpolygona",2,377.65,114.6,223.19,58456.45,33524.93,57.35026674,5057634.736,2900567.011,0.327764072,NA,NA
"qpolygona",3,589.56,141.57,314.8,130648.28,38317.79,29.32896629,13757280.37,4034868.123,0.455940098,NA,NA
"qpolygona",4,314.15,91.09,178.05,39504.09,19292.65,48.8370951,2667769.89,1302861.318,0.147223329,NA,NA
"qpolygona",5,274.88,58.655,164.64,34107.59,34107.59,100,1389895.539,1389895.539,0.157058196,NA,NA
"qpolygona",6,360.21,95.77,181.39,47234.72,27903.41,59.07393968,3276402.253,1935499.891,0.218711488,NA,NA
"qpolygona",7,177.86,64.025,149.9,17190.25,4139.03,24.07777665,893774.851,215201.1123,0.024317726,NA,NA
"qpolygona",8,223.95,72.9,115.45,18806.65,11836.26,62.93656765,986895.4682,621118.134,0.070186349,NA,NA
"qpolygona",9,387.59,143.68,289.76,78960.31,78960.31,100,8449012.219,8449012.219,0.954738381,NA,NA
"qpolygona",10,369.05,88.21,162.25,43085.39,43085.39,100,2765580.852,2765580.852,0.312510636,NA,NA
"qpolygona",11,390.75,124.305,202.78,58543.58,29615.62,50.58730607,5157168.552,2608872.64,0.294802608,NA,NA
"qpolygona",12,411.36,135.14,259.95,69943.92,69943.92,100,7566489.226,7566489.226,0.855013283,NA,NA
"qpolygona",13,567.88,216.09,374.86,152078.01,152078.01,100,24085683.01,24085683.01,2.72168218,NA,NA
"qpolygona",14,341.07,128.035,184.97,45750.6,45750.6,100,4229335.58,4229335.58,0.477914921,NA,NA
"qpolygona",15,429.02,146.36,233.63,71037.66,28493.53,40.1104569,7681166.351,3080950.919,0.348147454,NA,NA
"qpolygona",16,334.5,109.025,220.13,52564.52,22152.84,42.14409263,4203393.743,1771482.153,0.200177483,NA,NA
"qpolygona",17,537.86,204,276.13,103382.24,103382.24,100,15863960.88,15863960.88,1.792627579,NA,NA
"qpolygona",18,502.22,107.76,255.66,82525.54,54259.05,65.74819141,7244576.343,4763177.921,0.538239105,NA,NA
"qpolygona",19,448.27,137.04,256.94,79687.25,79687.25,100,8264514.905,8264514.905,0.933890184,NA,NA
"qpolygona",20,243.71,76.805,139.15,24104.62,24104.62,100,1363781.127,1363781.127,0.154107267,NA,NA
"qmoynensis",1,254.17,73.39,184.05,31070.73,31070.73,100,1797610.60184863,1797610.60184863,0.203129998008895,NA,NA
"qmoynensis",2,142.04,67.33,104.87,11557.45,11557.45,100,525132.827969968,525132.827969968,0.0593400095606063,NA,NA
"qmoynensis",3,187.68,63.23,103.66,15169.04,15169.04,100,644096.595266889,644096.595266889,0.0727829152651584,NA,NA
"qmoynensis",4,405.58,149.87,237.11,76600.89,17205.95,22.46181474,7546398.43009575,1695058.03481273,0.191541557933838,NA,NA
"qmoynensis",5,211.56,69.52,142.04,20064.07,14397.75,71.75887046,1093836.99522429,784925.072429995,0.0886965331845894,NA,NA
"qmoynensis",6,280.64,97.07,189.69,38091.09,7087.74,18.60734361,2705687.65547915,503456.598990625,0.0568905956859406,NA,NA
"qmoynensis",7,274.87,76.4,131.77,29757.7,5961.41,20.03316789,1448891.51569506,290258.869824605,0.0327992522901804,NA,NA
"qmoynensis",8,186.62,80.49,184.66,24241.42,4574.24,18.86952167,1452350.92639075,274051.672778807,0.0309678390240052,NA,NA
"qmoynensis",9,168.19,75.76,115.15,15973.32,4220.74,26.4236865,768250.234042055,203000.03335754,0.022939003769402,NA,NA
"qmoynensis",10,145.11,67.22,111.52,12594.36,12594.36,100,569570.166548302,569570.166548302,0.0643614288199582,NA,NA
"qmoynensis",11,257.8,95,197.5,35169.12,35169.12,100,2532632.87893334,2532632.87893334,0.286187515319467,NA,NA
"qmoynensis",12,221.23,90.32,142.04,24794.53,12221.35,49.29050883,1486063.04448649,732488.036221495,0.0827711480930289,NA,NA
"qmoynensis",13,310.23,85.44,152.92,38663.46,38663.46,100,2122305.71840344,2122305.71840344,0.239820546179589,NA,NA
"qmoynensis",14,245.56,83.81,195.54,29019.37,9234.3,31.82115945,2107112.3792376,670507.590054291,0.0757673576761348,NA,NA
"qmoynensis",15,237.09,72,121.09,22775.85,22775.85,100,1082312.40121164,1082312.40121164,0.122301301336916,NA,NA
"qmoynensis",16,216.81,83.34,181.6,26829.35,26829.35,100,1718095.38832746,1718095.38832746,0.194144778881003,NA,NA
"qmoynensis",17,224.96,78.6,192.16,27961.09,17901.19,64.02178885,1779055.35710244,1138983.06425138,0.128705086260406,NA,NA
"qmoynensis",18,145.67,51.73,85.83,9901.45,9901.45,100,338649.417967919,338649.417967919,0.0382673842303748,NA,NA
"qmoynensis",19,175.59,65.23,123,13628.9,13628.9,100,737650.92468754,737650.92468754,0.083354554489692,NA,NA
"qmoynensis",20,237.88,77.72,208.63,32443.45,11488.49,35.41081482,2019603.44195558,715158.034884462,0.0808128579419442,NA,NA
"qmoynensis",21,243.69,79.07,200.9,31507.61,15717.88,49.88597993,2026879.85303957,1011128.87662674,0.114257563058822,NA,NA
"qmoynensis",22,154.25,67.44,92.63,11455.63,11455.63,100,504537.00023706,504537.00023706,0.0570126810267878,NA,NA
"qmoynensis",23,188.51,71.43,125.93,18218.23,11706.44,64.25673625,887856.685560881,570507.728693584,0.064467373342375,NA,NA
"qmoynensis",24,155.21,52.25,92.63,11749.86,11749.86,100,393329.282710028,393329.282710028,0.0444462089462332,NA,NA
"qmoynensis",25,224.49,69.86,183.09,26028.91,26028.91,100,1503449.44221169,1503449.44221169,0.169889786969921,NA,NA
"qmoynensis",26,163.73,66,161.58,15301.53,15301.53,100,914236.22095724,914236.22095724,0.103308692968168,NA,NA
"qmoynensis",27,141.95,47,111.84,9685.57,9685.57,100,390687.067584302,390687.067584302,0.0441476386370261,NA,NA
"qmoynensis",28,254.02,86.05,177.4,31933.72,6533.51,20.45959569,2030350.5348178,415401.510464094,0.0469403706824427,NA,NA
"qmoynensis",29,288.48,90.24,175.93,32606.43,11068.55,33.9459119,2398022.87232428,814030.731468146,0.0919854726559005,NA,NA
"qmoynensis",30,193.08,60.95,107.05,16900.47,16900.47,100,659623.765050712,659623.765050712,0.0745374854507305,NA,NA
"qmoynensis",31,234.8,90.72,146.92,26998.59,26998.59,100,1638629.14922768,1638629.14922768,0.185165093862728,NA,NA
"qmoynensis",32,186.02,69.32,149.3,18942.21,18942.21,100,1008037.35046408,738373.053300223,0.0834361550229252,NA,NA
"qmoynensis",33,134.04,55.17,98.07,9303.28,9303.28,100,379727.631808432,379727.631808432,0.0429092223943529,NA,NA
"qmoynensis",34,192.62,70.27,171.46,21005.71,21005.71,100,1215158.06547869,1215158.06547869,0.137312861399092,NA,NA
"qmoynensis",35,172.78,93.98,139.64,16590.22,16590.22,100,1187236.86336845,1187236.86336845,0.134157765560635,NA,NA
"qmoynensis",36,130.41,53.09,127.99,11160.47,6109.16,54.73927173,463978.954214791,253978.7005324,0.0286995931601612,NA,NA
"qmoynensis",37,177.4,63.11,151.11,17116.18,17116.18,100,885816.210445981,885816.210445981,0.100097231780396,NA,NA
"qmoynensis",38,213.65,77.21,158.72,25516.24,25516.24,100,1370902.99990982,1370902.99990982,0.15491203898981,NA,NA
"qmoynensis",39,192.06,56.53,98.22,14336.08,14336.08,100,558360.210297036,558360.210297036,0.0630947037635651,NA,NA
"qmoynensis",40,123.16,60.25,123.16,15085.35,15085.35,100,478514.424772244,478514.424772244,0.0540721299992636,NA,NA
"qmoynensis",41,237.4,72.04,146.58,24479.55,17483.23,71.41973607,1312585.97193966,937445.436790901,0.105931334357372,NA,NA
"qmoynensis",42,308.75,105.87,168.8,43330.43,18406.94,42.48040003,2889022.6318296,1227268.37104385,0.138681325927955,NA,NA
"qmoynensis",43,241.7,87.72,159.04,26939.16,26939.16,100,1765550.98231818,1765550.98231818,0.199507261001955,NA,NA
"qmoynensis",44,276.85,81.46,185.13,36835.64,36835.64,100,2186071.47358307,2186071.47358307,0.247026076514887,NA,NA
"qmoynensis",45,182.61,77.91,180.93,19781.55,19781.55,100,1347804.69965926,1347804.69965926,0.152301931061497,NA,NA
"qmoynensis",46,187.23,84.78,109.56,16285.09,16285.09,100,910582.910750342,910582.910750342,0.102895868914789,NA,NA
"qmoynensis",47,241.02,82.23,142.35,28141.23,28141.23,100,1477200.56886609,1477200.56886609,0.166923664281868,NA,NA
"qmoynensis",48,148.21,67.18,135.33,13041.69,13041.69,100,705521.431805782,705521.431805782,0.0797239217940533,NA,NA
"qmoynensis",49,179.66,65.09,77.12,10391.55,10391.55,100,472205.792421328,472205.792421328,0.05335925454361,NA,NA
"qmoynensis",50,135.7,52.58,113.94,9819.17,9819.17,100,425672.179341164,425672.179341164,0.0481009562655515,NA,NA
"qmoynensis",51,189.49,52.71,105.32,13417.96,13417.96,100,550793.472558567,550793.472558567,0.0622396623991181,NA,NA
"qmoynensis",52,170.76,73.31,165.92,20045.18,20045.18,100,1087543.7253536,1087543.7253536,0.122892440964957,NA,NA
"qmoynensis",53,244.52,70.81,217.2,34430.43,34430.43,100,1969098.42492275,1969098.42492275,0.22250812201627,NA,NA
"qmoynensis",54,212.34,63.18,156.33,22470.88,22470.88,100,1098126.53229946,1098126.53229946,0.124088298149839,NA,NA
"qmoynensis",55,226.91,100.24,175.3,25949.05,25949.05,100,2087734.32803906,2087734.32803906,0.235913979068413,NA,NA
"qmoynensis",56,254.47,87.55,250.09,37570.74,37570.74,100,2917344.3154676,2917344.3154676,0.329659907647838,NA,NA
"qmoynensis",57,258.55,90.12,158.06,39791.84,29791.84,74.86921942,1928352.05559947,1443742.1316554,0.16314286087706,NA,NA
"qmoynensis",58,223.36,124.42,177.64,32312.23,32312.23,100,2584847.8511504,2584847.8511504,0.292087807179995,NA,NA
"qmoynensis",59,244.6,91.01,230.45,36608.52,36608.52,100,2686092.11444545,2686092.11444545,0.303528408932335,NA,NA
"qmoynensis",60,244.2,83.23,210.8,34165.59,34165.59,100,2243338.36267006,2243338.36267006,0.253497234981717,NA,NA
"qmoynensis",61,244.65,76.69,132.68,25099.52,17917.35,71.38522968,1303430.99191275,930457.20726723,0.105141664421197,NA,NA
"qmoynensis",62,243.44,68.99,136.45,26481.49,20535.71,77.54741142,1199914.3486106,930502.516584461,0.105146784374044,NA,NA
"qmoynensis",63,221.53,64.25,131.01,21192.16,21192.16,100,976357.23431045,976357.23431045,0.110328367477081,NA,NA
"qmoynensis",64,214.88,74.05,133.43,20881.36,17215.13,82.44257079,1111663.03967247,916483.58843278,0.103562645492904,NA,NA
"qmoynensis",65,168.19,59.79,145.07,15120.81,15120.81,100,763844.502699045,763844.502699046,0.0863144288049922,NA,NA
"qmoynensis",66,107.44,48.93,75.25,6293.47,6293.47,100,207131.591478563,207131.591478563,0.0234058698370777,NA,NA
"qmoynensis",67,141.29,59.91,118.32,10712.36,5708.82,53.29189833,524405.850321013,279465.832592408,0.0315796390829421,NA,NA
"qmoynensis",68,202.79,72.1,148.09,20431.8,20431.8,100,1133720.9066673,1133720.9066673,0.128110462453405,NA,NA
"qmoynensis",69,341.85,108.42,207.64,46945.74,32173.09,68.53250156,4029532.19243366,2761539.21282454,0.312053931049173,NA,NA
"qmoynensis",71,238.6,70.19,119.08,21636.3,21636.3,100,1044198.65647785,1044198.65647785,0.117994448181998,NA,NA
"qmoynensis",72,307.46,105.86,143.47,37072.27,37072.27,100,2445007.71126197,2445007.71126197,0.276285871372602,NA,NA
"qmoynensis",73,199.69,70.61,178.27,23652.93,23652.93,100,1316131.89932983,1316131.89932983,0.148722904624271,NA,NA
"qmoynensis",74,321.85,105.04,208.89,46805.11,36641.21,78.28463602,3697638.91509826,2894683.16583996,0.327099197739916,NA,NA
"qmoynensis",75,250.09,69.94,174.84,31783.63,26814.34,84.36525343,1601258.22927239,1350905.56325718,0.152652328648061,NA,NA
"qmoynensis",76,229.39,91.04,213.67,32983.72,32983.72,100,2336409.17389864,2336409.17389864,0.264014236650546,NA,NA
"qmoynensis",77,213.67,80.37,151.87,22387.52,6206.42,27.72267763,1365551.65726546,378567.483878764,0.0427781256783003,NA,NA
"qmoynensis",78,169.4,67.32,100.79,13931.11,13931.11,100,601829.651104217,601829.651104217,0.0680067505747765,NA,NA
"qmoynensis",79,141.44,57.39,100.19,8578.76,4525.07,52.74736675,425825.310130128,224611.638058477,0.0253811151006079,NA,NA
"qmoynensis",80,187.91,79.89,112.62,17459.76,17459.76,100,885230.683966553,885230.683966553,0.10003106728822,NA,NA
"qmoynensis",81,152.43,90.41,129.97,15694.73,15694.73,100,937839.801761962,937839.801761962,0.105975897599102,NA,NA
"qmoynensis",82,252.51,73.52,169.4,30045.86,30045.86,100,1646630.322521,1646630.322521,0.186069226444873,NA,NA
"qmoynensis",83,336.34,183.28,241.29,64392.61,64392.61,100,7788100.40433464,7788100.40433464,0.880055345689815,NA,NA
"qmoynensis",84,188.74,81.56,120.13,17760.12,17760.12,100,968258.386444271,968258.386444271,0.109413197668203,NA,NA
"qmoynensis",85,150.51,80.05,99.58,11676.33,11676.33,100,628199.282901482,628199.282901482,0.0709865189678674,NA,NA
"qmoynensis",86,139.63,80.01,136.6,13108.88,13108.88,100,799047.008914932,799047.008914932,0.0902923120073873,NA,NA
"qmoynensis",87,130.56,68.4,96.56,9895.11,5685.49,57.45757248,451504.541004999,259423.548888139,0.0293148610243597,NA,NA
"qmoynensis",88,141.44,73.47,119.53,11507.45,3799.51,33.01782758,650366.000544198,214736.724706837,0.0242652498918725,NA,NA
"qmoynensis",89,432.5,146.83,297.04,84928.7,84928.7,100,9876759.28145248,9876759.28145248,1.11607379880413,NA,NA
"qmoynensis",90,162.6,93.58,122.55,16774.26,16774.26,100,976372.457879403,976372.457879402,0.110330087740372,NA,NA
"qmoynensis",91,122.7,66.84,88.1,8862.44,8862.44,100,378316.719155222,378316.719155222,0.0427497892645401,NA,NA
"qmoynensis",92,130.56,61.71,99.58,9503.43,9503.43,100,420084.281982534,420084.281982534,0.0474695238640263,NA,NA
"qmoynensis",93,219.11,70.54,123.31,20010.69,20010.69,100,997917.352024692,997917.352024692,0.11276466077879,NA,NA
"qmoynensis",94,143.86,64.23,130.56,10914.67,10914.67,100,631664.895378586,631664.895378586,0.0713781331777802,NA,NA
"qmoynensis",95,337.53,119.43,203.28,55458.12,36130.24,65.14869238,4290610.44947173,2795276.6030641,0.315866256146244,NA,NA
"qmoynensis",96,291.68,99.11,168.25,38680.63,38680.63,100,2546700.20177901,2546700.20177901,0.287777122801028,NA,NA
"qmoynensis",97,246.92,87.66,159.57,25946.45,19593.99,75.51703605,1808454.56438883,1365691.28532377,0.154323115241586,NA,NA
"qmoynensis",98,327.34,101.67,191.34,41120.8,41120.8,100,3334235.67236545,3334235.67236544,0.376768630977295,NA,NA
"qmoynensis",99,191.91,65.54,115.9,16851.07,16851.07,100,763283.898136421,763283.898136421,0.0862510804894155,NA,NA
"qmoynensis",100,318.19,103.26,137.51,35570.43,35570.43,100,2365655.77926328,2365655.77926328,0.267319103056751,NA,NA
"qmoynensis",101,260.96,81.52,116.47,22558.76,22558.76,100,1297331.05007243,1297331.05007243,0.146598408658185,NA,NA
"qmoynensis",102,220.46,82.23,100.11,17789.46,11912.77,66.96532666,950246.277735302,636335.523957263,0.0719059142071707,NA,NA
"qmoynensis",103,223.95,102.66,169.85,28124.96,18522.37,65.85740922,2044638.34036934,1346545.83887433,0.152159679792799,NA,NA
"qmoynensis",104,225.16,72.24,118.92,20384.73,15142.9,74.28550685,1012797.21907208,752361.547525361,0.0850168548703658,NA,NA
"qmoynensis",105,236.64,87.23,147.03,24120.13,18425.12,76.38897469,1589127.00785543,1213917.82776366,0.137172714537294,NA,NA
"qmoynensis",106,276.55,91.82,215.85,39041,39041,100,2869866.04954778,2869866.04954778,0.324294863598899,NA,NA
"qmoynensis",107,257.04,96.4,131.92,26716.49,14734.18,55.15013387,1711539.83472751,943916.510067203,0.106662565637594,NA,NA
"qmoynensis",108,216.84,66.11,148.54,20917.29,20917.29,100,1114932.55775733,1114932.55775733,0.125987379026579,NA,NA
"qmoynensis",109,235.13,74,152.77,23785.03,4353.75,18.30458065,1391798.8220093,254762.937920321,0.0287882119849963,NA,NA
"qmoynensis",110,181.94,107.65,168.49,21383.88,2943.22,13.76373231,1727885.56778466,237821.544117118,0.0268738344852343,NA,NA
"qmoynensis",111,236.94,83.66,141.14,27451.41,37451.41,136.4280013,1464889.88365147,1998519.98995619,0.22583275886505,NA,NA
"qmoynensis",112,262.63,83.62,116.66,25252.65,11679.79,46.25173992,1341451.85804421,620444.824486389,0.0701102651669619,NA,NA
"qmoynensis",113,185.11,70.86,103.81,14922.14,14922.14,100,712966.037032215,712966.037032215,0.0805651621846403,NA,NA
"qmoynensis",114,136.91,80.84,103.21,11287.99,11287.99,100,598111.118470252,598111.118470252,0.0675865563871385,NA,NA
"qmoynensis",115,116.05,68.66,109.25,8442.75,8442.75,100,455794.428190772,455794.428190772,0.0515047703855573,NA,NA
"qmoynensis",116,138.72,77.22,130.71,11751.18,11751.18,100,733122.10491549,733122.10491549,0.0828427978554503,NA,NA
"qmoynensis",117,130.71,65.73,97.77,10347.42,10347.42,100,439821.732039906,439821.732039906,0.0496998557205094,NA,NA
"qmoynensis",118,116.05,58.88,112.28,9080.02,9080.02,100,401711.229696247,401711.229696247,0.0453933689556759,NA,NA
"qmoynensis",119,167.43,78.55,113.03,14991.34,14991.34,100,778344.42054306,778344.42054306,0.0879529195213658,NA,NA
"qmoynensis",120,287.34,85.27,170.48,40246.24,40246.24,100,2187078.69234365,2187078.69234365,0.247139892234832,NA,NA
"qmoynensis",121,247.97,84.8,143.56,29518.89,29518.89,100,1580618.52028642,1580618.52028642,0.178609892792365,NA,NA
"qmoynensis",122,147.18,69.07,109.25,12225.35,12225.35,100,581511.519853621,581511.519853621,0.0657108017434592,NA,NA
"qmoynensis",123,205.81,70.55,129.5,17387.99,17387.99,100,984536.636105729,984536.636105729,0.111252639879947,NA,NA
"qmoynensis",124,265.75,73.56,207.21,37806.3,37806.3,100,2120920.19236985,2120920.19236985,0.239663981737793,NA,NA
"qmoynensis",125,195.32,66.76,119.31,18844.17,18844.17,100,814588.944674319,814588.944674319,0.092048550748198,NA,NA
"qmoynensis",126,206.42,83.33,122.1,20461.68,20461.68,100,1099682.8240314,1099682.8240314,0.124264159115549,NA,NA
"qmoynensis",127,164.26,86.8,117.26,14946.93,14946.93,100,875386.925584928,875386.925584928,0.0989187225910968,NA,NA
"qmoynensis",128,157.61,74.45,117.87,14031.4,14031.4,100,724186.420648903,724186.420648903,0.081833065533326,NA,NA
"qmoynensis",129,199.16,57.01,87.95,15047.73,11186.02,74.33692657,522862.65611713,388680.028720567,0.0439208432454241,NA,NA
"qmoynensis",130,216.24,66.71,147.94,19642.02,19642.02,100,1117406.54305997,1117406.54305997,0.126266939365777,NA,NA
"qmoynensis",131,293.2,86.31,18.52,40595.06,20323.33,50.06355453,245394.422355761,122853.170452156,0.0138824082610936,NA,NA
"qmoynensis",132,271.76,85.37,134.84,27882.34,8859.5,31.77459281,1637978.44176403,520460.980133247,0.058812090755057,NA,NA
"qmoynensis",133,206.61,97.99,131.88,22141.95,22141.95,100,1398011.2176697,1398011.2176697,0.157975267596676,NA,NA
"qmoynensis",134,147.84,88.02,114.06,12534.43,4981.89,39.7456446,777150.816665076,308883.60157068,0.0349038469774868,NA,NA
"qmoynensis",135,228.74,73.24,124.3,22277.94,22277.94,100,1090335.62802463,1090335.62802463,0.123207925966783,NA,NA
"qmoynensis",136,114.9,59.48,92.26,12541.25,8003.84,63.82011363,330143.735696114,210698.107247203,0.023808886118934,NA,NA
"qmoynensis",137,269.23,89.12,195.91,35939.14,35939.14,100,2461239.384564,2461239.384564,0.278120050455732,NA,NA
"qmoynensis",138,211.37,86.34,163.64,26216.24,26216.24,100,1563664.17042292,1563664.17042292,0.17669405125779,NA,NA
"qmoynensis",139,169.2,96.17,141.31,17359.02,17359.02,100,1203958.43429369,1203958.43429369,0.136047303075187,NA,NA
"qmoynensis",140,169.91,97.33,137.53,18193.46,18193.46,100,1190862.79884018,1190862.79884018,0.134567496268941,NA,NA
"qmoynensis",141,266.86,93.19,186.17,33765.89,33765.89,100,2424159.07167756,2424159.07167756,0.273929975099564,NA,NA
"qmoynensis",142,243.14,73.12,153.23,29030.74,29030.74,100,1426379.27182631,1426379.27182631,0.161180857716373,NA,NA
"qmoynensis",143,170.27,81.53,129.03,14855.44,6683.15,44.98789669,937874.867267264,421930.176364834,0.0476781099292263,NA,NA
"qmoynensis",144,254.51,80.36,138.12,26409.7,26409.7,100,1479108.28965466,1479108.28965466,0.167139236730976,NA,NA
"qmoynensis",145,171.06,84.46,116.05,15976.95,15976.95,100,877896.488597085,877896.488597085,0.0992023032114706,NA,NA
"qmoynensis",146,127.82,96.57,87.34,9075.7,9075.7,100,564485.583101602,564485.583101602,0.063786870890481,NA,NA
"qmoynensis",147,160.6,64.96,117.8,14468.69,14468.69,100,643480.617632505,643480.617632505,0.0727133097924731,NA,NA
"qmoynensis",148,240.57,71.34,124.52,24343.27,24343.27,100,1118954.19181814,1118954.19181814,0.126441823675449,NA,NA
"qmoynensis",149,309.46,99.11,168.6,43438.8,30362.57,69.89734983,2707560.62686318,1892513.12334543,0.213853982938033,NA,NA
"qmoynensis",150,256.83,100.35,174.73,36292.5,36292.55,100.0001378,2357920.87790241,2357924.12639849,0.26644542628303,NA,NA
"qmoynensis",151,221.71,72.12,168.27,22028.52,14224.22,64.57183687,1408790.18452361,909681.699837505,0.102794032081638,NA,NA
"qmoynensis",152,203.19,76.89,174.62,23293.86,18535.49,79.5724281,1428449.19118797,1136651.70558991,0.12844164273166,NA,NA
"qmoynensis",153,141.59,67.95,92.18,10826.62,10826.62,100,464362.744137185,464362.744137185,0.0524729900875019,NA,NA
"qmoynensis",154,143.22,65,130.82,11475.86,11475.86,100,637660.907928278,637660.907928278,0.0720556825958954,NA,NA
"qmoynensis",155,233.07,78.42,146.14,22668.2,22668.2,100,1398559.47385525,1398559.47385525,0.158037220545644,NA,NA
"qmoynensis",156,133.53,78.66,112.81,9993.19,9993.19,100,620410.319064863,620410.319064863,0.0701063660543295,NA,NA
"qmoynensis",157,200.5,92.88,126.36,20150.8,20150.8,100,1232096.78201688,1232096.78201688,0.139226936367908,NA,NA
"qmoynensis",158,122.25,61.64,121.04,9671.35,9671.35,100,477572.19683738,477572.19683738,0.0539656582426239,NA,NA
"qmoynensis",159,248.45,70.32,179.65,28304.35,28304.35,100,1643401.60602571,1643401.60602571,0.185704381480906,NA,NA
"qmoynensis",160,272.27,72.69,153.48,31180.77,31180.77,100,1590467.77116998,1590467.77116998,0.179722858142208,NA,NA
"qmoynensis",161,216.24,71.5,120.44,20883.06,20883.06,100,975015.329122783,975015.329122783,0.110176732190874,NA,NA
"qmoynensis",162,247.66,75.28,150.16,29345.34,22081.65,75.24755208,1465846.04973966,1103013.2697128,0.124640499477546,NA,NA
"qmoynensis",163,166.98,70.58,108.92,14575.04,9261.72,63.54507432,672128.584760338,427104.608704094,0.0482628207835626,NA,NA
"qmoynensis",164,113.15,60.89,109.76,8167,8167,100,395952.649227545,395952.649227545,0.0447426493627126,NA,NA
"qmoynensis",165,274.27,87.25,141.59,32463.72,23881.13,73.56251841,1774087.13381434,1305063.17433577,0.147472138699942,NA,NA
"qmoynensis",166,377.35,136.45,253.29,75979.6,75979.6,100,6828645.3931917,6828645.3931917,0.771636929430662,NA,NA
"qmoynensis",167,205.21,108.7,182.69,28745.91,28745.91,100,2133739.822441,2133739.822441,0.241112599935833,NA,NA
"qmoynensis",168,183.3,71.79,119.08,16224.79,16224.79,100,820472.192759058,820472.192759058,0.0927133577817736,NA,NA
"qmoynensis",169,319.02,83.58,178.82,43864.48,43864.48,100,2496519.65976616,2496519.65976616,0.282106721553576,NA,NA
"qmoynensis",170,210.65,73.89,133.73,21592.6,21592.6,100,1089869.74586925,1089869.74586925,0.123155281283225,NA,NA
"qmoynensis",171,154.59,56.65,83.11,9975.97,9975.97,100,381094.969489253,381094.969489253,0.0430637315522856,NA,NA
"qmoynensis",172,264.41,95.04,192.25,34611.64,34611.64,100,2529584.98448968,2529584.98448968,0.285843103247334,NA,NA
"qmoynensis",173,132.52,63.61,84.92,8670.94,8670.94,100,374813.677587206,374813.677587206,0.0423539455673543,NA,NA
"qmoynensis",174,231.13,86.63,179.22,24962.23,24962.23,100,1878926.22909539,1878926.22909539,0.212318663887779,NA,NA
"qmoynensis",175,232.94,55.16,142.75,25494.92,25494.92,100,960379.913019961,960379.913019961,0.108522930171256,NA,NA
"qmoynensis",176,132.52,81.35,83.11,8676.06,8676.06,100,469127.49714789,469127.49714789,0.0530114071777116,NA,NA
"qmoynensis",177,197.8,72.3,158.06,19048.51,19048.51,100,1183546.11591192,1183546.11591192,0.133740711098047,NA,NA
"qmoynensis",178,290.77,96.1,171.8,41209.3,41209.3,100,2513591.88723353,2513591.88723353,0.284035883257389,NA,NA
"qmoynensis",179,240.6,87.8,207.31,30521.94,30521.94,100,2293026.17850162,2293026.17850162,0.259111958170683,NA,NA
"qseminula",1,194.78,53.73,132.22,16906.43,16906.43,100,724531.008675462,724531.008675462,0.0818720039803272,NA,NA
"qseminula",2,207.63,66.83,137.81,19939.27,19939.27,100,1001246.29069515,1001246.29069515,0.113140830848551,NA,NA
"qseminula",3,191.16,63.195,132.37,19136.14,19136.14,100,837274.628598611,837274.62859861,0.094612033031643,NA,NA
"qseminula",4,199.62,71.575,162.75,23723.3,23723.3,100,1217545.01685295,1217545.01685295,0.137582586904383,NA,NA
"qseminula",5,212.67,75.505,136.74,21940.15,21940.15,100,1149677.78830779,1149677.78830779,0.12991359007878,NA,NA
"qseminula",6,256.74,101.165,187.53,33647.23,25163.26,74.7855321225551,2550311.32075104,1907263.89200543,0.215520819796614,NA,NA
"qseminula",7,199.16,78.09,124.06,18759.11,18759.11,100,1010247.86110575,1010247.86110575,0.114158008304949,NA,NA
"qseminula",8,198.41,65.3,130.71,19369.34,19369.34,100,886715.245403607,886715.245403607,0.100198822730608,NA,NA
"qseminula",9,192.52,68.085,131.32,19887.39,10969.38,55.1574641016242,901273.893189147,497119.824093115,0.056174540122522,NA,NA
"qseminula",10,161.24,56.545,121.04,13169.29,13169.29,100,577822.614835419,577822.614835419,0.0652939554764023,NA,NA
"qseminula",11,129.5,44.335,98.98,9277.51,9277.51,100,297551.780298816,297551.780298816,0.0336233511737662,NA,NA
"qseminula",12,123.31,48.21,119.08,10551.71,10551.71,100,370657.572869987,370657.572869987,0.0418843057343085,NA,NA
"qseminula",13,134.34,50.105,107.59,10472.45,10472.45,100,379190.05649912,379190.05649912,0.0428484763844006,NA,NA
"qseminula",14,421.44,190.525,310.65,94246.87,61443.69,65.1944091087587,13060436.8585098,8514674.63692797,0.96215823397286,NA,NA
"qseminula",15,321.08,147.05,274.16,61947.52,61947.52,100,6777679.01123045,6777679.01123045,0.765877728269041,NA,NA
"qmilletti",1,208.58,60.76,130.15,17567.28,10169.99,57.89165995,863640.9434,499976.0781,0.056497297,NA,NA
"qmilletti",2,215.79,66.605,128.76,21577.87,13400.16,62.10140297,968986.5258,601754.2271,0.067998228,NA,NA
"qmilletti",3,224.7,57,125.42,19175.63,13048.08,68.04511768,841091.6992,572321.8365,0.064672368,NA,NA
"qmilletti",4,202.94,62.48,100.49,14668.79,11530.12,78.60307496,667160.2235,524408.4506,0.059258155,NA,NA
"qmilletti",5,226.52,63.885,112.73,20150.04,13883.78,68.90199722,854168.5589,588539.1967,0.066504929,NA,NA
"qmilletti",6,150.81,48.955,135.09,11552.38,7803.34,67.54746641,522214.6112,352742.7391,0.03985993,NA,NA
"qmilletti",7,176.35,55.235,101.7,13195.01,8337.8,63.18903889,518691.8183,327756.3748,0.03703647,NA,NA
"qmilletti",8,245.86,57.995,166.98,24684.81,24684.81,100,1246641.296,1246641.296,0.140870466,NA,NA
"qmilletti",9,213.07,52.605,104.42,17244.77,12976.54,75.24913351,612818.1819,461140.3719,0.052108862,NA,NA
"qmilletti",10,245.25,55.89,148.09,21001.07,7417.8,35.32105745,1062838.998,375405.973,0.042420875,NA,NA
"qmilletti",11,227.57,68.03,191.6,26826.79,7738.59,28.84650008,1553136.434,448025.5027,0.050626882,NA,NA
"qmilletti",12,191.31,52.215,86.28,13122.47,8191.41,62.42277559,451275.4551,281698.6646,0.031831949,NA,NA
"qmilletti",13,161.11,47.98,133.63,13888.27,7459.63,53.71172939,540860.5831,290505.5728,0.03282713,NA,NA
"qmilletti",14,173.4,51.945,91.82,11776.08,11776.08,100,433040.7383,433040.7383,0.048933603,NA,NA
"qmilletti",15,183.3,48,111.67,14527.81,6371.26,43.8556121,514444.87,225612.9467,0.025494263,NA,NA
"qmilletti",16,210.2,79.57,107.44,17312.84,17312.84,100,940906.9832,940906.9832,0.106322489,NA,NA
"qmilletti",17,206.42,59.85,108.04,16288.08,11231.13,68.95306261,698874.3902,481895.2958,0.054454168,NA,NA
"qmilletti",18,177.71,53.63,117.87,13327.88,13327.88,100,588195.3268,588195.3268,0.066466072,NA,NA
"qmilletti",19,247.13,68.61,106.51,20651.06,20651.06,100,945587.8768,945587.8768,0.10685143,NA,NA
"qmilletti",20,237.8,72.19,145.45,22238.79,22238.79,100,1307378.203,1307378.203,0.147733737,NA,NA
"qmilletti",21,198.35,60.01,96.04,14459.56,14459.56,100,598558.5039,598558.5039,0.067637111,NA,NA
"qmilletti",22,212.96,60.52,144.59,18763.23,18763.23,100,975739.3901,975739.3901,0.110258551,NA,NA
"qmilletti",23,195.26,56.55,90.75,13319.64,13319.64,100,524675.9413,524675.9413,0.059288381,NA,NA
"qmilletti",24,212.64,64.21,111.27,17791.63,17791.63,100,795470.9862,795470.9862,0.089888221,NA,NA
"qmilletti",25,165.01,51.79,93.39,10304.32,10304.32,100,417883.4515,417883.4515,0.04722083,NA,NA
"qmilletti",26,262.03,71.39,143.56,25894.75,25894.75,100,1406113.801,1406113.801,0.15889086,NA,NA
"qmilletti",27,222.89,70.61,165.01,21990.93,15589.96,70.89268166,1359770.711,963977.9215,0.108929505,NA,NA
"qmicrocostata",1,228.56,88.415,226.68,36793.52,36793.52,100,2398490.51289242,2398490.51289242,0.271029427956843,NA,NA
"qmicrocostata",2,419.09,191.235,345.36,99197.07,56497.09,56.9543939150622,14492567.6519288,8254154.06888642,0.932719409784166,NA,NA
"qmicrocostata",3,944.4,389.73,662.23,428276.7,428276.7,100,127622512.205947,127622512.205947,14.421343879272,NA,NA
"qmicrocostata",4,196.71,97.48,189.29,29383.84,29383.84,100,1900501.65658912,1900501.65658912,0.214756687194571,NA,NA
"qmicrocostata",5,216.54,101.15,215.77,33943.44,33943.44,100,2474535.58461911,2474535.58461911,0.279622521061959,NA,NA
"qmicrocostata",6,342.38,153.315,282.22,66292.95,66292.95,100,7756743.75720072,7756743.75720072,0.876512044563682,NA,NA
"qbosciana",1,384.3,88.33,167,45726.65,25123.76,54.94336454,2968203.743,1630831.003,0.184283903,NA,NA
"qbosciana",2,301.7,84.085,147.64,33278.61,22326.82,67.09060264,1961085.36,1315703.986,0.14867455,NA,NA
"qbosciana",3,268.83,49.955,116.51,23629.77,13660.49,57.81050768,819253.9047,473614.8415,0.053518477,NA,NA
"qbosciana",4,179.67,42.31,140.84,12311.66,12311.66,100,560587.2706,560587.2706,0.063346362,NA,NA
"qbosciana",5,368.31,104.62,206.08,53465.95,30233.49,56.54718564,4157791.378,2351114.009,0.265675883,NA,NA
"qbosciana",6,375.54,116.21,201.56,58973.37,30473.69,51.67364524,4605774.545,2379971.599,0.268936791,NA,NA
"qbosciana",7,254.61,68.42,129.44,23880.49,23880.49,100,1180662.184,1180662.184,0.133414827,NA,NA
"qbosciana",8,314.33,62,150.39,30973.79,25384.23,81.95390361,1534599.682,1257664.344,0.142116071,NA,NA
"qbosciana",9,277.98,82.55,141.49,28306.46,19003.49,67.13481658,1700023.783,1141307.849,0.128967787,NA,NA
"qbosciana",10,286.52,56.205,105.56,25233.7,14297.36,56.65978434,890077.6553,504316.0799,0.056987717,NA,NA
"qbosciana",11,214.58,73.78,153.86,18228.19,7737.82,42.44974405,1275417.12,541411.3031,0.061179477,NA,NA
"qbosciana",12,220.32,51.065,195.99,26237.25,15925.28,60.69721484,1154542.154,700774.9319,0.079187567,NA,NA
"qbosciana",13,250.69,57.15,151.72,21790.56,21790.56,100,1138137.417,1138137.417,0.128609528,NA,NA
"qbosciana",14,171.81,48.57,104.42,11354.2,6966.44,61.35562171,456245.7716,279932.4297,0.031632365,NA,NA
"qbosciana",15,213.67,63.145,134.19,19141.83,10020.74,52.34995818,947984.6231,496269.5537,0.05607846,NA,NA
"qbosciana",16,174.08,51.055,85.68,11130.97,11130.97,100,398717.446,398717.446,0.045055071,NA,NA
"qbosciana",17,226.97,68.615,98.83,17249.62,17249.62,100,805888.4714,805888.4714,0.091065397,NA,NA
"qbosciana",18,355.21,96.74,166.73,43885.06,25209.02,57.4432848,2999878.319,1723228.647,0.194724837,NA,NA
"qbosciana",19,232.56,55.975,106.84,16766.76,6227.27,37.1405686,728218.3574,270464.4386,0.030562482,NA,NA
"qbosciana",20,202.19,47.92,102,15688.99,10764.68,68.61295724,517458.2027,355043.3754,0.040119901,NA,NA
"qbosciana",21,239.81,68.67,180.88,25709.6,15621.37,60.7608442,1559636.923,947648.5609,0.107084287,NA,NA
"qbosciana",22,199.62,59.18,145.67,16918.34,5863.06,34.65505481,901047.6424,312258.5543,0.035285217,NA,NA
"qbosciana",23,270.64,69.435,121.34,25756.33,19563.55,75.95627949,1193913.98,906852.6396,0.102474348,NA,NA
"qbosciana",24,191.76,55.66,123.91,15489.02,2600.56,16.78970006,692478.3539,116265.0386,0.013137949,NA,NA
"qbosciana",25,265.04,52.78,128.43,22564.02,22564.02,100,940688.6709,940688.6709,0.10629782,NA,NA
"qbosciana",26,329.81,76.015,167.28,39650.78,32628.34,82.28927653,2195865.632,1806961.942,0.204186699,NA,NA
"qbosciana",27,205.5,68.535,198.69,24174.74,24174.74,100,1465206.631,1465206.631,0.165568349,NA,NA
"qbosciana",28,162.6,48.8,110.46,11889.99,11889.99,100,458927.4388,458927.4388,0.051858801,NA,NA
"qbosciana",29,219.26,57.305,105.63,18282.18,10790.08,59.01965739,694924.8289,410142.2531,0.046346075,NA,NA
"qbosciana",30,164.86,47.06,120.99,12637.25,12637.25,100,491490.7146,491490.7146,0.055538451,NA,NA
"qbosciana",31,211.25,62.53,121.64,17884.96,17884.96,100,841317.9988,841317.9988,0.095068934,NA,NA
"qbosciana",32,333.69,76.505,157.18,38551.02,27682.84,71.80832051,2101013.864,1508702.769,0.170483413,NA,NA
"qbosciana",33,177.71,57.4,133.88,14123.36,7899.68,55.93343227,715052.7567,399953.5494,0.045194751,NA,NA
"qbosciana",34,198.41,56.69,103.21,15018.35,9560.74,63.66038879,607841.5932,386954.3215,0.043725838,NA,NA
"qbosciana",35,205.21,99.845,174.68,19805.57,15508.34,78.30292185,1873987.317,1467386.824,0.165814711,NA,NA
"qbosciana",36,198.56,58.895,161.24,19268.69,12389.69,64.29959691,987282.8708,634818.9063,0.071734536,NA,NA
"qfuscagroelandica",1,257.95,82.79,162.75,29137.03,19505.97,66.9456358455203,1819839.27858171,1218302.97641306,0.137668236334676,NA,NA
"qfuscagroelandica",2,210.65,71.59,152.32,22045.82,11923.58,54.0854456763232,1202733.42148811,650503.731309937,0.0735069216380228,NA,NA
"qfuscagroelandica",3,204,58.56,113.03,16690.01,7278.86,43.6120769250588,707006.791172813,308340.345631677,0.0348424590563795,NA,NA
"qlamarckiana",1,283.27,NA,NA,44715.55,30219.82,67.58235111,1548213.545,1046319.114,0.11823406,140.64,233.17
"qlamarckiana",2,212.46,NA,NA,23195.3,16365.69,70.55606093,536738.1406,378701.2895,0.042793246,97.01,156.25
"qlamarckiana",3,421.41,NA,NA,92945.06,60023.47,64.57951611,5693439.367,3676795.593,0.415477902,248.43,326.3
"qlamarckiana",4,414.15,NA,NA,95198.75,95198.75,100,4310315.561,4310315.561,0.487065658,189.77,329.06
"qlamarckiana",5,301.38,NA,NA,57041.22,57041.22,100,2193143.144,2193143.144,0.247825175,165.28,264.17
"qlamarckiana",6,476.04,NA,NA,146778.78,57831.07,39.40015716,7499532.827,2954827.72,0.333895532,236.44,399.78
"qlamarckiana",7,336.78,NA,NA,62548.54,36294.78,58.02658224,2751015.551,1596320.301,0.180384194,192.3,254.87
"qlamarckiana",8,349.52,NA,NA,59347.55,59347.55,100,2722738.664,2722738.664,0.307669469,209.36,223.25
"qlamarckiana",9,200.98,NA,NA,27551.09,15681.96,56.91956289,671033.25,381949.1927,0.043160259,117.11,171.06
"qlamarckiana",10,262.3,NA,NA,38984.34,38984.34,100,1338674.315,1338674.315,0.151270198,145.72,210.14
"qlamarckiana",11,308.99,NA,NA,54336.76,54336.76,100,2095446.357,2095446.357,0.236785438,162.44,250.49
"qlamarckiana",12,249.5,NA,NA,45874.46,22294.23,48.59834862,1328464.946,645612.0256,0.072954159,141.44,225.87
"qlamarckiana",13,338.32,NA,NA,78404.81,34994.52,44.63312901,3597525.951,1605688.399,0.181442789,212.89,299.69
"qlamarckiana",14,162.14,NA,NA,17208.85,17208.85,100,426278.8339,426278.8339,0.048169508,112.49,140.23
"qlamarckiana",15,276.07,NA,NA,54325.32,26122.76,48.0857913,1696586.51,815817.0486,0.092187326,141.46,260.66
"qlamarckiana",16,172.87,NA,NA,18017.24,7185.22,39.87969301,422488.7424,168487.2134,0.019039055,98.62,148.69
"qlamarckiana",17,259.76,NA,NA,36504.3,36504.3,100,1355539.065,1355539.065,0.153175914,163.28,191.76
"qlamarckiana",18,477.81,NA,NA,143718.15,49368.85,34.35115885,8198633.821,2816325.727,0.318244807,249.97,411.86
"qlamarckiana",19,200.22,NA,NA,21256.69,10328.14,48.58771521,414503.3527,201397.7085,0.022757941,89.35,139.02
"qlamarckiana",20,236.64,NA,NA,37890.31,24997.06,65.97217072,1012132.814,667725.9879,0.075453037,118.43,216.69
"qlamarckiana",21,416.62,NA,NA,111785.83,111785.83,100,7514007.441,7514007.441,0.849082841,289.83,373.37
"qlamarckiana",22,460.24,NA,NA,113918.57,113918.57,100,6373930.219,6373930.219,0.720254115,235.69,352.56
"qlamarckiana",23,160.93,NA,NA,17130.8,6464.77,37.73770052,415794.8786,156911.426,0.017730991,106.42,145.67
"qlamarckiana",24,194.33,NA,NA,27222.05,20853.46,76.60503158,772398.4308,591696.0619,0.066861655,125.45,190.1
"qlamarckiana",25,195.39,NA,NA,28628.54,10771.9,37.62643851,703446.8555,264681.9986,0.029909066,116.6,185.26
"qlamarckiana",26,259.76,NA,NA,44813.87,20513.89,45.77576094,1781046.172,815287.4378,0.09212748,178.4,230.6
"qlamarckiana",27,264.6,NA,NA,48234.21,48234.21,100,1674351.425,1674351.425,0.189201711,154.81,245.25
"qlamarckiana",28,259.39,NA,NA,43641.85,25016.93,57.32325738,1468391.482,841729.8284,0.095115471,156.43,217.13
"qlamarckiana",29,258.91,NA,NA,39604.56,19024.63,48.03646348,1246608.498,598826.636,0.06766741,140,206.35
"qlamarckiana",30,209.73,NA,NA,22746.86,22746.86,100,702564.6697,702564.6697,0.079389808,130.26,154.3
"qlamarckiana",31,150.2,NA,NA,12691.21,12691.21,100,289869.8685,289869.8685,0.032755295,96.27,120.28
"qlamarckiana",32,125.27,NA,NA,11071.55,11071.55,100,187359.4241,187359.4241,0.021171615,75.36,119.08
"qlamarckiana",33,467.81,NA,NA,123189.11,47300.19,38.39640533,6915250.316,2655207.541,0.300038452,229.11,387.12
"qlamarckiana",34,246.16,NA,NA,40779.89,40779.89,100,1689895.932,1689895.932,0.19095824,187.86,219.26
"qlamarckiana",35,748.77,NA,NA,295456.71,295456.71,100,28284915.65,28284915.65,3.196195469,410.89,551.61
"qlamarckiana",36,680.04,NA,NA,236761.11,66736.54,28.18728971,17473319.92,4925255.309,0.55655385,307.67,501.08
"qlamarckiana",37,182.54,NA,NA,20671.93,20671.93,100,480195.5166,480195.5166,0.054262093,100.24,157.46
"qlamarckiana",38,801.98,NA,NA,357420.52,357420.52,100,38377639.27,38377639.27,4.336673238,468.51,612.84
"qlamarckiana",39,153.23,NA,NA,14441.54,5989.6,41.47480116,286096.0548,118657.7699,0.013408328,83.39,134.34
"qlamarckiana",40,127.08,NA,NA,10516.53,4559.32,43.3538439,183723.2286,795918.9356,0.08993884,73.22,118.47
"qlamarckiana",41,865.65,NA,NA,431270.45,431270.45,100,46657486.7,46657486.7,5.272295997,493.85,654.84
"qlamarckiana",42,258.74,NA,NA,37486.99,37486.99,100,1345884.891,1345884.891,0.152084993,145.76,214.12
"qlamarckiana",43,186.57,NA,NA,24624.84,10380.4,42.15418252,767589.6523,323571.1431,0.036563539,133.29,185.2
"qlamarckiana",44,405.81,NA,NA,97768.55,97768.55,100,5395946.509,5395946.509,0.609741955,258.75,308.33
"qlamarckiana",45,163.05,NA,NA,18492.17,18492.17,100,408496.8555,408496.8555,0.046160145,101.09,148.7
"qlamarckiana",46,138.57,NA,NA,12171.57,12171.57,100,264576.5971,264576.5971,0.029897155,98.2,116.66
"qlamarckiana",47,194.18,NA,NA,23470.62,23470.62,100,508740.2728,508740.2728,0.057487651,95,165.47
"qlamarckiana",48,303.48,NA,NA,42637.2,42637.2,100,1687581.873,1687581.873,0.190696752,163.2,204.44
"qlamarckiana",49,184.36,NA,NA,21715.03,21715.03,100,609981.7553,609981.7553,0.068927938,123.12,161.24
"qlamarckiana",50,311.42,NA,NA,54936.62,10214.06,18.59244344,2557281.074,475461.0373,0.053727097,202.2,243.67
"qlamarckiana",51,179.07,NA,NA,22491.75,22491.75,100,544368.4576,544368.4576,0.061513636,107.01,170.45
"qlamarckiana",52,171.74,NA,NA,24002.41,24002.41,100,609784.6896,609784.6896,0.06890567,126.11,168.93
"qlamarckiana",53,161.24,NA,NA,17536.22,17536.22,100,375617.3273,375617.3273,0.042444758,96.15,145.37
"qlamarckiana",54,186.92,NA,NA,20453.44,11226.12,54.88621963,545057.6047,299161.514,0.033805251,119.86,145.97
"qlamarckiana",55,339.52,NA,NA,73016.51,33377.15,45.71178491,3209388.343,1467068.696,0.165778763,190.1,298.35
"qlamarckiana",56,386.29,NA,NA,81718.93,81718.93,100,4410298.193,4410298.193,0.498363696,232.44,294.71
"qlamarckiana",57,251.91,NA,NA,40541.82,10613.05,26.17803049,1305980.909,341880.0806,0.038632449,157.93,196.96
"qlamarckiana",58,182.14,NA,NA,26688.38,15879.7,59.50042678,635618.3901,378195.6548,0.042736109,116.35,179.96
"qlamarckiana",59,208.79,NA,NA,29930.52,15906.66,53.14528448,868859.2628,461757.7269,0.052178623,127.52,195.8
"qlamarckiana",60,160.63,NA,NA,13251.65,13251.65,100,292965.1219,292965.1219,0.033105059,95.29,114.84
"qlamarckiana",61,246.43,NA,NA,30650.94,30650.94,100,1035738.193,1035738.193,0.117038416,148.41,169.92
"qlamarckiana",62,185.11,NA,NA,18121.92,4545.67,25.08382114,435387.6917,109211.8698,0.012340941,105.41,133.88
"qlamarckiana",63,137.36,NA,NA,14788.56,14788.56,100,335592.3134,335592.3134,0.037921931,107.07,136.91
"qlamarckiana",64,151.41,NA,NA,15128.89,8560.98,56.58696705,336803.4446,190586.8542,0.021536315,99.35,134.34
"qlamarckiana",65,147.79,NA,NA,12923.36,8824.85,68.28603397,235743.7898,160980.0844,0.01819075,84.22,113.64
"qlamarckiana",66,191.76,NA,NA,20121.28,20121.28,100,495498.5876,495498.5876,0.05599134,106.65,145.37
"qlamarckiana",67,168,NA,NA,17619.99,17619.99,100,368152.6464,368152.6464,0.041601249,92.23,142.56
"qlamarckiana",68,167,NA,NA,14003.3,14003.3,100,274832.2897,274832.2897,0.031056049,86.54,114.1
"qlamarckiana",69,306.87,NA,NA,55938.26,26565.45,47.49066203,2685191.964,1275215.44,0.144099345,199.77,262.81
"qlamarckiana",70,153.23,NA,NA,15531.02,15531.02,100,364701.3235,364701.3235,0.04121125,101.18,141.14
"qlamarckiana",71,518.06,NA,NA,133764.48,133764.48,100,8997230.556,8997230.556,1.016687053,287.29,362.71
"qlamarckiana",72,187.38,NA,NA,20190.91,20190.91,100,564539.7101,564539.7101,0.063792987,119.39,151.41
"qlamarckiana",73,687.84,NA,NA,259396.7,259396.7,100,21778015.78,21778015.78,2.460915783,363.5,522.61
"qlamarckiana",74,149,NA,NA,14533.81,14533.81,100,307421.0912,307421.0912,0.034738583,93.84,131.92
"qlamarckiana",75,214.32,NA,NA,27042.54,27042.54,100,628375.3097,628375.3097,0.07100641,108.19,162.6
"qlamarckiana",76,154.15,NA,NA,12791.48,6732.07,52.62932827,204425.9351,107587.9965,0.012157444,71.93,110.62
"qlamarckiana",77,277.3,NA,NA,50663.43,15596,30.78354545,2241640.915,690056.5499,0.07797639,187.77,258.31
"qlamarckiana",78,341.38,NA,NA,71188.24,71188.24,100,3325018.68,3325018.68,0.375727111,196.06,298.07
"qlamarckiana",79,469.1,NA,NA,118779.65,118779.65,100,7093194.159,7093194.159,0.80153094,253.94,357.27
"qlamarckiana",80,165.62,NA,NA,19387.4,3237.93,16.701208,476868.86,79642.8602,0.008999643,118.84,145.37
"qlamarckiana",81,701.89,NA,NA,230679.83,230679.83,100,18349275.09,18349275.09,2.073468085,335.32,467.78
"qlamarckiana",82,554.05,NA,NA,155980.31,60720.21,38.92812497,17650096.91,6870851.782,0.776406251,476.87,400.82
"qlamarckiana",83,748.18,NA,NA,334597.97,334597.97,100,22151597.42,22151597.42,2.503130508,281.22,631.69
"qlamarckiana",84,600.53,NA,NA,253450.91,253450.91,100,22696421.51,22696421.51,2.564695631,403.71,561.7
"qlamarckiana",85,335.91,NA,NA,98729.02,44445.13,45.01729076,5394368.187,2428398.412,0.274409021,232.66,414.14
"qlamarckiana",86,417.14,NA,NA,115732.25,34597.19,29.8941652,5855120.62,1750339.43,0.197788356,238.47,353.16
"qakneriana",1,505.68,NA,NA,139526.04,82900.77,59.415984285084,9897349.48776,5880607.61628732,0.664508660640467,298.2,393.81
"qakneriana",2,771.35,NA,NA,359915.1,359915.1,100,39461903.7226167,39461903.7226167,4.45919512065568,469.21,654.2
"qakneriana",3,720.53,NA,NA,244455.33,131247.07,53.6895922866562,21672264.90031,11635750.6642605,1.31483982506144,389.85,462.92
"qakneriana",4,242.84,NA,NA,39884.52,20424.95,51.21021890197,862853.421733333,441869.126072778,0.0499312112462239,101.5,210.04
"qakneriana",5,200.22,NA,NA,21707.07,9699.13,44.6818939635796,590321.359992,263766.764115986,0.0298056443451065,111.28,158.97
"qakneriana",6,577.84,NA,NA,180888.79,138388.38,76.5046745019412,12879144.599896,9853147.65478477,1.11340568499068,300.66,444.79
"qakneriana",7,496.79,NA,NA,152532.18,89803.84,58.8753402724592,9728537.473235,5727709.54090082,0.647231178121792,306.66,383.15
"qakneriana",8,489.66,NA,NA,151614.08,71112.65,46.9037242451361,9157323.051772,4295125.55243942,0.485349187425654,259.91,431.72
"qakneriana",9,673.16,NA,NA,214783.32,214783.32,100,17662877.7129147,17662877.7129147,1.99590518155936,348.68,451.51
"qakneriana",10,279.76,NA,NA,48988.96,48988.96,100,1923822.11365067,1923822.11365067,0.217391898842525,190.06,217.09
"qakneriana",11,779.73,NA,NA,324628.43,324628.43,100,31990702.972592,31990702.972592,3.6149494359029,457.28,538.33
"qakneriana",12,426.04,NA,NA,123484.57,59254.61,47.9854365610214,7038249.328534,3377334.66655019,0.381638817320172,245.27,404.13
"qakneriana",13,204.6,NA,NA,22223.3,22223.3,100,520694.88768,520694.88768,0.05883852230784,103.96,146.88
"qakneriana",14,594.86,NA,NA,177243.89,177243.89,100,12428912.0814973,12428912.0814973,1.4044670652092,314.02,399.22
"qakneriana",15,592.7,NA,NA,160643.73,134322.14,83.6149285129273,12190931.8331367,10193438.9373369,1.15185859991907,295.22,418.03
"qakneriana",16,784.35,NA,NA,372274.91,153556.01,41.248014807122,33482388.358125,13810820.5077375,1.56062271737434,434.3,589.75
"qakneriana",17,850,NA,NA,367775.39,134350.47,36.5305764477607,40691875.325,14864976.6236266,1.67974235846981,483.1,594.57
"qakneriana",18,585.24,NA,NA,183453.92,79807.31,43.5026463321144,15100626.42324,6569172.10683591,0.742316448072457,327.9,472.14
"qakneriana",19,577.47,NA,NA,211212.84,146628.59,69.4221951657863,15480177.4150375,10746678.9770773,1.21437472440974,332.75,483.37
"qakneriana",20,683.44,NA,NA,302181.07,72120.28,23.8665777442644,28612403.682688,6828801.5694315,0.771654577345759,402.88,623.49
"qakneriana",21,364.72,NA,NA,81117.04,23807.23,29.3492341436522,3766916.440476,1105561.12611103,0.124928407250546,210.63,294.21
"qakneriana",22,577.26,NA,NA,166092.89,50705.6,30.5284591050225,12096181.277568,3692777.75459173,0.417283886268866,298.88,420.66
"qakneriana",23,157.91,NA,NA,17177.2,10277.71,59.8334420045176,364002.92039,217795.476266301,0.024610888818092,94.55,146.28
"qakneriana",24,562.34,NA,NA,142282.13,39157.28,27.5208699785419,8468404.5865,2330578.61550755,0.263355383552353,250.5,360.7
"qakneriana",25,572.6,NA,NA,156862.71,156862.71,100,8414926.30755,8414926.30755,0.95088667275315,235.23,374.85
"qakneriana",26,422.96,NA,NA,93180.33,44281.57,47.5224438462495,3718595.80048,1767167.6011521,0.199689938930187,175.02,301.4
"qakneriana",27,449.05,NA,NA,119921.5,59491.38,49.6086022940007,7156197.94735417,3550089.77907437,0.401160145035403,282.25,338.77
"qakneriana",28,721.79,NA,NA,226782.49,226782.49,100,18287204.2533808,18287204.2533808,2.06645408063203,339.95,447.17
"qakneriana",29,696.17,NA,NA,250798.51,129383.01,51.5884284958471,20309047.1718,10477118.2784119,1.18391436546055,364.05,480.8
"qakneriana",30,611.5,NA,NA,187684.54,55367.5,29.5002987459702,14844672.6031083,4379222.76577815,0.494852172532931,334.97,434.83
"qakneriana",31,458.72,NA,NA,113561.61,63397.3,55.8263483583933,5885071.66434133,3285420.60847629,0.37125252875782,234.64,328.06
"qakneriana",32,531.68,NA,NA,126214.87,51483.81,40.7906057344907,7718613.64228267,3148469.25899214,0.355777026266111,263.06,331.12
"qakneriana",33,483.76,NA,NA,120279.83,120279.83,100,6818130.226472,6818130.226472,0.770448715591336,242.02,349.41
"qakneriana",34,287.28,NA,NA,45353.8,45353.8,100,2224448.08614,2224448.08614,0.25136263373382,192.05,241.91
"qakneriana",35,711.73,NA,NA,257010.42,128773.36,50.1043342911933,22814958.8897372,11431283.2705122,1.29173500956788,392.51,490.01
"qakneriana",36,725.8,NA,NA,250482.62,250482.62,100,13240489.967,13240489.967,1.496175366271,235.5,464.78
"qakneriana",37,631.37,NA,NA,176562.93,176562.93,100,12458860.2296585,12458860.2296585,1.40785120595141,291.27,406.49
"qakneriana",38,483.29,NA,NA,164264.52,164264.52,100,12386893.591344,12386893.591344,1.39971897582187,342.24,449.34
"qakneriana",39,593.19,NA,NA,190563.06,57536.63,30.192960797334,12850691.626656,3880004.28502252,0.438440484207545,308.19,421.76
"qakneriana",40,569.93,NA,NA,162572.28,162572.28,100,11306325.1793873,11306325.1793873,1.27761474527077,311.74,381.82
"qakneriana",41,569.93,NA,NA,176330.43,176330.43,100,10938925.8271477,10938925.8271477,1.23609861846769,301.61,381.82
"qakneriana",42,462.1,NA,NA,155979.32,60359,38.6967964727632,9623070.26439167,3723819.91464264,0.420791650354618,285.85,437.11
"qakneriana",43,525.14,NA,NA,130953.51,130953.51,100,8492619.718583,8492619.718583,0.959666028199879,272.51,356.07
"qakneriana",44,500.23,NA,NA,115174.91,115174.91,100,7527270.79419383,7527270.79419383,0.850581599743903,275.69,327.49
"qakneriana",45,355.9,NA,NA,91528.67,78903.22,86.2060161040251,4851877.36056,4182610.1787919,0.472634950203485,238.32,343.22
"qakneriana",46,491.44,NA,NA,135240.82,135240.82,100,7688732.669864,7688732.669864,0.868826791694632,266.78,351.87
"qakneriana",47,344.24,NA,NA,83585.87,83585.87,100,4522509.45536,4522509.45536,0.51104356845568,243.2,324.12
"qakneriana",48,360.5,NA,NA,97437.58,28068.55,28.8066986064309,4752690.9724,1369093.36411432,0.154707550144918,236.64,334.27
"qakneriana",49,389.73,NA,NA,74652.92,74652.92,100,3250439.149991,3250439.149991,0.367299623948983,189.86,263.57
"qakneriana",50,321.03,NA,NA,75976.91,35136.11,46.2457738805119,3345381.751383,1547097.68018449,0.174822037860847,197.22,317.03
"qakneriana",51,495.93,NA,NA,134599.31,134599.31,100,8030538.697875,8030538.697875,0.907450872859875,251.54,386.25
"qakneriana",52,174.58,NA,NA,23411.68,14501.24,61.9401939544706,634931.148408667,393277.584801676,0.0444403670825894,113.17,192.82
"qakneriana",53,411.06,NA,NA,93339.43,93339.43,100,5614143.678039,5614143.678039,0.634398235618407,255.07,321.27
"qakneriana",54,166.07,NA,NA,16660.43,5360.13,32.1728190688956,364629.193020667,117311.490542913,0.0132561984313492,99.41,132.52
"qakneriana",55,504.29,NA,NA,127944.91,127944.91,100,6373535.05889333,6373535.05889333,0.720209461654947,224.8,337.33
"qakneriana",56,910.82,NA,NA,402109.11,263045.2,65.4163741776455,53785851.9384,35184754.1586581,3.97587721992837,514.75,688.32
"qakneriana",57,705.91,NA,NA,335353.37,335353.37,100,29867296.9566487,29867296.9566487,3.3750045561013,433.16,586.07
"qakneriana",58,433.16,NA,NA,157323.23,157323.23,100,5694228.187284,5694228.187284,0.643447785163092,301.06,261.99
"qakneriana",59,212.26,NA,NA,32716.87,32716.87,100,914375.336693,914375.336693,0.103324413046309,130.89,197.47
"qakneriana",60,538.37,NA,NA,154705.68,154705.68,100,11892030.70335,11892030.70335,1.34379946947855,329.85,401.8
"qakneriana",61,671.29,NA,NA,209223.41,100933.65,48.2420442339602,15631121.5499787,7540772.5724048,0.852107300681742,327.53,426.56
"qakneriana",62,232.95,NA,NA,24665.94,24665.94,100,535785.06212,535785.06212,0.06054371201956,95.84,143.99
"qakneriana",63,439.43,NA,NA,100858.49,51202.53,50.7667029319991,5824937.969525,2957128.95496198,0.334155571910703,239.38,332.25
"qakneriana",64,590.15,NA,NA,144807.98,144807.98,100,10012837.750685,10012837.750685,1.13145066582741,298.41,341.14
"qakneriana",65,508.63,NA,NA,186145.37,186145.37,100,12645049.2431967,12645049.2431967,1.42889056448122,298.84,499.15
"qakneriana",66,222.99,NA,NA,26593.51,17664.39,66.4236875839256,697071.355893,463020.4996754,0.0523213164633202,111.87,167.66
"qakneriana",67,270.6,NA,NA,37943.32,37943.32,100,1147571.17772,1147571.17772,0.12967554308236,134.02,189.86
"qakneriana",68,220.5,NA,NA,26819.7,26819.7,100,787077.6753,787077.6753,0.0889397773089,120.68,177.47
"qakneriana",69,685.29,NA,NA,291515.39,291515.39,100,28094529.86124,28094529.86124,3.17468187432012,448.54,548.4
"qakneriana",70,525.97,NA,NA,135428.77,135428.77,100,10185837.5752913,10185837.5752913,1.15099964600792,326.84,355.51
"qakneriana",71,572.3,NA,NA,161784.24,61276.74,37.8755928265942,10984842.26244,4160574.12796542,0.470144876460092,283.77,405.84
"qakneriana",72,655.68,NA,NA,254935.76,156221.99,61.2789629826745,18880305.6,11569655.4796398,1.3073710691993,325,531.6
"qakneriana",73,328.37,NA,NA,65823.71,20794.15,31.5906684688542,2702003.86281933,853581.082318889,0.0964546623020344,181.96,271.33
"qakneriana",74,347.3,NA,NA,73112.21,24158.24,33.0426887656658,3346039.6228,1105621.45853766,0.124935224814756,197.4,292.84
"qakneriana",75,358.54,NA,NA,75391.9,22460.83,29.7920996817961,3087510.829585,919834.304036212,0.103941276356092,190.65,271.01
"qakneriana",76,234.98,NA,NA,29754.71,29754.71,100,822959.17496,822959.17496,0.09299438677048,122.2,171.96
"qakneriana",77,215.71,NA,NA,23771.43,23771.43,100,714439.788883333,714439.788883334,0.0807316961438167,123.43,161
"qakneriana",78,873.45,NA,NA,378347.63,378347.63,100,37550664.2077425,37550664.2077425,4.2432250554749,429.69,600.31
"qakneriana",79,287.76,NA,NA,50454.89,27010.98,53.5349100949383,1613580.776676,863829.018102703,0.0976126790456055,146.07,230.33
"qakneriana",80,819.46,NA,NA,383412.69,383412,99.9998200372554,35413001.6907637,35412937.9605539,4.00166198954259,423.67,612.01
"qakneriana",81,254.96,NA,NA,37815.64,37815.64,100,1160507.29608,1160507.29608,0.13113732445704,136.62,199.9
"qakneriana",82,823.67,NA,NA,367747.24,367747.24,100,50368837.2124,50368837.2124,5.6916786050012,609,602.48
"qangulata",1,608.93,NA,NA,136808.2,136808.2,100,6005572.125,6005572.125,0.678629650125,180,328.75
"qangulata",2,508.31,NA,NA,123790.69,35332.45,28.5420898776798,8205774.797528,2342099.61787044,0.26465725681936,264.47,366.24
"qangulata",3,431.59,NA,NA,113958.23,80510.97,70.6495441356013,6546131.42720267,4624812.01183601,0.522603757337469,228.38,398.48
"qangulata",4,598.3,NA,NA,165545.53,165545.53,100,8908563.33139,8908563.33139,1.00666765644707,256.47,348.34
"qauberiana",1,425.88,NA,NA,124765.54,63860.87,51.18470212,7723553.87349,3953278.04338395,0.446720418902386,280.41,388.05
"qauberiana",2,310.67,NA,NA,65062.47,65062.47,100,3385830.222394,3385830.222394,0.382598815130522,219.72,297.61
"qauberiana",3,410.15,NA,NA,106069,106069,100,5903926.90414583,5903926.90414583,0.667143740168479,235.25,367.13
"qauberiana",4,178.46,NA,NA,20328.83,12101.98,59.53111911,660620.238795,393274.621190315,0.0444400321945056,135.97,163.35
"qauberiana",5,333.8,NA,NA,73222.07,28240.1,38.5677433,3060550.86981333,1180385.40317988,0.133383550559327,196.96,279.31
"qauberiana",6,238.3,NA,NA,34138.7,34138.7,100,1098534.24513333,1098534.24513333,0.124134369700067,136.9,202.04
"qauberiana",7,133.13,NA,NA,12222.59,12222.59,100,247522.75128,247522.75128,0.02797007089464,88.2,126.48
"qauberiana",8,261.55,NA,NA,42507.43,19948.78,46.9301014,1845715.4558,866196.134895804,0.0978801632432258,188.4,224.74
"qauberiana",9,229.03,NA,NA,35623.83,23215.04,65.16716479,1204774.34564317,785117.283152315,0.0887182529962116,142.37,221.69
"qauberiana",10,226.77,NA,NA,36140.47,36140.47,100,995731.87641,995731.87641,0.11251770203433,122.14,215.7
"qauberiana",11,190.86,NA,NA,26050.82,26050.82,100,784328.116025,784328.116025,0.088629077110825,144.25,170.93
"qauberiana",12,257.2,NA,NA,45429.04,45429.04,100,1684000.52634,1684000.52634,0.19029205947642,159.83,245.79
"qauberiana",13,193.54,NA,NA,23171.77,15675.84,67.6505938,534785.8572,361785.807977986,0.0408817963015124,102.34,162
"qauberiana",14,174.06,NA,NA,20940.5,20940.5,100,521283.034008,521283.034008,0.058904982842904,113.52,158.29
"qauberiana",15,278.16,NA,NA,57002.61,57002.61,100,2592720.301256,2592720.301256,0.292977394041928,213.14,262.39
"qauberiana",16,229.69,NA,NA,39232.09,39232.09,100,1306717.848562,1306717.848562,0.147659116887506,150.69,226.52
"qauberiana",17,117.26,NA,NA,8168.88,5828.82,71.35396774,178353.831942,127262.53570871,0.0143806665350842,83.07,109.86
"qauberiana",18,235.13,NA,NA,36667.9,36667.9,100,1099681.354527,1099681.354527,0.124263993061551,129.86,216.09
"qauberiana",19,345.47,NA,NA,78609.63,47226.15,60.07679975,4004354.51598,2405688.04388023,0.271842748958466,221.52,313.95
"qauberiana",20,336.88,NA,NA,82388.42,82388.42,100,4222443.8136,4222443.8136,0.4771361509368,236.49,318
"qauberiana",21,410.45,NA,NA,126174.28,80533.4,63.82711278,5265953.99064167,3361106.39276041,0.379805022381926,190.3,404.51
"qauberiana",22,425,NA,NA,119780.79,37877.11,31.62202387,6795667.50041667,2148927.598797,0.24282881866406,257.81,372.13
"qauberiana",23,185.72,NA,NA,25045.02,25045.02,100,477138.204533333,477138.204533333,0.0539166171122667,83,185.72
"qauberiana",24,361.35,NA,NA,96056.44,96056.44,100,5277793.90545,5277793.90545,0.59639071131585,242.52,361.35
"qauberiana",25,305.64,NA,NA,69724.88,69724.88,100,3482102.462472,3482102.462472,0.393477578259336,229.64,297.67
"qcrassa",1,530.88,NA,NA,162424.97,51569.28,31.7496010619549,11971345.94656,3800854.57977931,0.429496567515062,314.6,430.07
"qcrassa",2,587.78,NA,NA,188578.93,153896.13,81.6083376865061,13661484.1539913,11148910.1213778,1.25982684371569,314.18,443.87
"qvulgaris",1,332.73,NA,NA,62708.15,48678.88,77.6276767852345,2475307.1866005,1921523.46225592,0.217132151234919,164.57,271.23
"qvulgaris",2,228.93,NA,NA,30866.04,30866.04,100,868846.147533,868846.147533,0.098179614671229,117.27,194.18
"qvulgaris",3,501.57,NA,NA,153029.86,106903.64,69.8580264008606,8604825.627897,6011161.35888431,0.679261233553926,265.83,387.22
"qvulgaris",4,213.67,NA,NA,28049.3,22339.79,79.6447326671254,717249.870471,571251.741891931,0.0645514468337882,117.33,171.66
"qvulgaris",5,148.39,NA,NA,16727.14,16727.14,100,425465.746962667,425465.746962667,0.0480776294067813,118.84,144.76
"qparkeri",1,317.18,NA,NA,57950.72,33610.56,57.9985201219243,2420854.63374267,1404059.86187378,0.158658764391737,189.83,241.24
"qparkeri",2,596.62,NA,NA,193055.99,193055.99,100,14845009.4166057,14845009.4166057,1.67748606407644,300.79,496.33
"qphilippinensis",1,187.53,NA,NA,19685.3,19685.3,100,634569.3117225,634569.3117225,0.0717063322246425,129.69,156.55
"qphilippinensis",2,416.62,NA,NA,69427.44,19251.29,27.7286473475041,2587332.06135,717432.18300065,0.0810698366790734,149.25,249.66
"qphilippinensis",3,274.72,NA,NA,55313.88,55313.88,100,2320461.58181333,2320461.58181333,0.262212158744907,199.37,254.2
"qphilippinensis",4,317.13,NA,NA,56405.74,56405.74,100,2579032.832376,2579032.832376,0.291430710058488,185.08,263.64
"qphilippinensis",5,289.45,NA,NA,50044.36,50044.36,100,2323000.89398417,2323000.89398417,0.262499101020211,194.41,247.69
"qsamoaensis",1,216.54,NA,NA,28449.51,28449.51,100,892283.688756,892283.688756,0.100828056829428,138.54,178.46
"qsamoaensis",2,297.7,NA,NA,59526.06,59526.06,100,2841272.70531,2841272.70531,0.32106381570003,212.02,270.09
"qbrodermanni",1,272.15,NA,NA,37401.74,23059.73,61.6541636832939,1373195.10199167,846631.955872916,0.0956694110136395,149.54,202.45
"qbrodermanni",2,288.23,NA,NA,46962.14,26266.67,55.9315865929449,2176524.7890445,1217364.84710134,0.137562227722451,186.43,243.03
"qderbyi",1,190.55,NA,NA,25740.88,25740.88,100,647389.559933334,647389.559933334,0.0731550202724667,124.64,163.55
"qderbyi",2,183.3,NA,NA,15567.06,9882.21,63.4815437211651,245019.554,155542.195297914,0.0175762680686642,69.2,115.9
"qderbyi",3,197.35,NA,NA,19691.08,8850.22,44.9453254976365,577542.88044,259578.527502184,0.0293323736077467,114.48,153.38
"qderbyi",4,249.79,NA,NA,31124,31124,100,718824.996040667,718824.996040667,0.0812272245525953,97.16,177.71
"qexsculpta",1,179.07,NA,NA,10207.86,10207.86,100,109989.402068,109989.402068,0.012428802433684,44.02,83.72
"qexsculpta",2,222.28,NA,NA,19242.39,19242.39,100,491772.642466667,491772.642466667,0.0555703085987333,89.09,149
"qexsculpta",3,371.78,NA,NA,58400.46,58400.46,100,2201142.10998167,2201142.10998167,0.248729058427928,138.79,255.95
